Status,Type,Station name,Station address,LGA,Suburbs,Postcode,Latitude,Longitude,Opening hours,Operator,Number of station,Number of plugs,Charger_capacities,Tesla,Type 2,J-1772,Geopoint,ObjId,EV Station ID,Google maps drive to
Existing,Destination charger,Bonny Hills - Ingenia Holidays charger,24 Beach St,,,,,,,,,,,,,,,,,
Existing,Destination charger,Cabins in the Clouds charger,424 Moonabung Rd,,,,,,,,,,,,,,,,,
Existing,Destination charger,Alex charger,RP42+P6 Upper Karuah River NSW,,,,,,,,,,,,,,,,,
Existing,Destination charger,Wine Country Motor Inn charger,5 Darwin Street,,,,,,,,,,,,,,,,,
Existing,Destination charger,Dragonfly Cottages charger,92 Heifer Station Ln,,,,,,,,,,,,,,,,,
Existing,Destination charger,The Gateway Inn Newcastle charger,26 William St,,,,,,,,,,,,,,,,,
Existing,Destination charger,Club Charlestown charger,5 Lincoln St,,,,,,,,,,,,,,,,,
Existing,Destination charger,Newcastle Airport - Premium Covered Car Park charger,Newcastle Airport,,,,,,,,,,,,,,,,,
Existing,Destination charger,81 Dora Street,,,,,,,,,,,,,,,,,,
Existing,Destination charger,Sisters Rock Restaurant charger,298 Lake Canobolas Rd,,,,,,,,,,,,,,,,,
Existing,Destination charger,Visionstream charger,20 Bowmans Rd,,,,,,,,,,,,,,,,,
Existing,Destination charger,Castle Towers Shopping Centre charger,6 - 14 Castle St,,,,,,,,,,,,,,,,,
Existing,Destination charger,Baldwin Living Seabeach Gardens charger,1 Seabeach Ave,,,,,,,,,,,,,,,,,
Existing,Destination charger,IKEA Marsden Park charger,1 Hollinsworth Rd,,,,,,,,,,,,,,,,,
Existing,Destination charger,Giffnock Avenue charger,22 Giffnock Ave,,,,,,,,,,,,,,,,,
Existing,Destination charger,Macquarie Centre (1) charger,63-71 Talavera Rd,,,,,,,,,,,,,,,,,
"10AM - 4PM""",ChargePoint,1,2,6.6 kW,0,0,2,-33.776716,,,,,,,,,,,,
Existing,Destination charger,Scribbly Gum Retreat charger,2 Koonora Ave,,,,,,,,,,,,,,,,,
Existing,Destination charger,Zig Zag Railway Clarence charger,840 Chifley Rd,,,,,,,,,,,,,,,,,
Existing,Destination charger,Park&Ride - Edmondson Park (North) charger,Gula Court,,,,,,,,,,,,,,,,,
Existing,Destination charger,Blue Emu Car Park charger,Ross Smith Ave,,,,,,,,,,,,,,,,,
Existing,Destination charger,Rose Bay Shops - Richmond Rd charger,2A Richmond Road,,,,,,,,,,,,,,,,,
Existing,Destination charger,Bondi Junction - Grafton St Parking charger,55 Grafton Street,,,,,,,,,,,,,,,,,
Existing,Destination charger,71 Adelaide St Parking charger,71 Adelaide St,,,,,,,,,,,,,,,,,
Existing,Destination charger,Intercontinental Hotel charger,117 Macquarie St Sydney NSW 2000,UNINCORPORATED,Sydney,2000,-33.862807,151.212369,,Tesla Destination,,,,,,,,,,
Existing,Destination charger,Intercontinental Sydney Double Bay charger,20-26 Cross Street,,,,,,,,,,,,,,,,,
Existing,Destination charger,Secure Parking - 2 Market St (formerly Allianz Centre) charger,186 Sussex St,,,,,,,,,,,,,,,,,
Existing,Destination charger,Polish Club charger,43 Norton St,,,,,,,,,,,,,,,,,
Existing,Destination charger,Woolworths Car Park Crows Nest charger,10 Falcon St,,,,,,,,,,,,,,,,,
Existing,Destination charger,Penrose Village Cafe / AusPost Outlet charger,901 Penrose Rd,,,,,,,,,,,,,,,,,
Existing,Destination charger,Centennial Vineyards charger,252 Centennial Rd,,,,,,,,,,,,,,,,,
Existing,Destination charger,Stockland Shellharbour - West charger,211 Lake Entrance Rd,,,,,,,,,,,,,,,,,
Existing,Destination charger,Coomealla Memorial Sporting Club and Motel charger,1 Matong St,,,,,,,,,,,,,,,,,
Existing,Destination charger,Eddy’s of Canowindra charger,13 Tilga St,,,,,,,,,,,,,,,,,
Existing,Fast charger,NRMA - Shell Cove charger,Harbour Boulevard,,,,,,,,,,,,,,,,,
Existing,Fast charger,Ampol Foodary Waitara charger,59-61 Pacific Hwy Waitara 2077,HORNSBY,Waitara,2077,-33.710683,151.102535,Open 24/7,AmpCharge,1,2,150 kW,1,1,0,-33.710683,,,
Existing,Fast charger,bp Naremburn charger,169 Willoughby Rd,,,,,,,,,,,,,,,,,
Existing,Fast charger,Allambie Grove Business Park charger,25 Frenchs Forest Rd E Frenchs Forest,,,,,,,,,,,,,,,,,
Existing,Fast charger,Ashfield Mall charger,260A Liverpool Road,,,,,,,,,,,,,,,,,
Existing,Fast charger,Narrandera Park charger,31 Twynam St,,,,,,,,,,,,,,,,,
Existing,Fast charger,Luke Park charger,33 Powell St,,,,,,,,,,,,,,,,,
Existing,Fast charger,Darley St Parking charger,10 Darley St,,,,,,,,,,,,,,,,,
Existing,Fast charger,Armidale Visitors Centre charger,82 Marsh St,,,,,,,,,,,,,,,,,
Existing,Fast charger,Sovereign Place charger,John Oxley Dr Before Chancellor Dr,,,,,,,,,,,,,,,,,
Existing,Fast charger,Hollydene Estate Wines charger,3483 Golden Hwy,,,,,,,,,,,,,,,,,
Existing,Destination charger,Settlers Motor Inn charger,120 New England Hwy,,,,,,,,,,,,,,,,,
Existing,Destination charger,Bonalbo Norman Johnston Park charger,29 Woodenbong Rd,,,,,,,,,,,,,,,,,
Existing,Destination charger,McTavish Surf charger,91 Centennial Circuit,,,,,,,,,,,,,,,,,
Existing,Destination charger,Twin Towns Services Club charger,2 Wharf St,,,,,,,,,,,,,,,,,
Existing,Destination charger,Smith House charger,100 Barney St South Hill NSW 2350,,,,,,,,,,,,,,,,,
Existing,Destination charger,Dylko Electrical charger,9 Stephen St,,,,,,,,,,,,,,,,,
Existing,Destination charger,Kempsey Central charger,2-14 Belgrave St,,,,,,,,,,,,,,,,,
Existing,Destination charger,Barron's Tyre & Mechanical charger,76 Dalgarno St,,,,,,,,,,,,,,,,,
Existing,Destination charger,The Observatory Port Macquarie charger,40 William St Port Macquarie NSW 2444,,,,,,,,,,,,,,,,,
Existing,Destination charger,Williamtown Technology Precinct charger,1 Technology Pl,,,,,,,,,,,,,,,,,
Existing,Destination charger,Lake Haven Shopping Centre charger,Cnr Lake Haven Dr,,,,,,,,,,,,,,,,,
Existing,Destination charger,Landcare & Sustainable Living Centre Booragul Dual Charger charger,110 York St,,,,,,,,,,,,,,,,,
Existing,Destination charger,Peterson House charger,Corner Broke Road & Wine Country Drive,,,,,,,,,,,,,,,,,
Existing,Destination charger,Stockland Green Hills (1) charger,1 Molly Morgan Dr,,,,,,,,,,,,,,,,,
Existing,Destination charger,Parklands Country Gardens and Cottages charger,132 Govetts Leap Road Blackheath,BLUE MOUNTAINS,Blackheath,2785,-33.636895,150.293648,Open 24/7,,1,1,kW,1,0,0,-33.636895,,,
Existing,Destination charger,Chatsworth Cottage charger,65 Govetts Leap Rd,,,,,,,,,,,,,,,,,
Existing,Destination charger,Westfield Warringah Mall - Tesla charger,127 Old Pittwater Rd,,,,,,,,,,,,,,,,,
Existing,Destination charger,NRMA Ocean Beach Holiday Resort charger,90 Sydney Ave Umina Beach NSW 2257,,,,,,,,,,,,,,,,,
Existing,Destination charger,Wenty Leagues charger,50 Smith St,,,,,,,,,,,,,,,,,
Existing,Destination charger,Novotel Sydney Parramatta charger,350 Church St,,,,,,,,,,,,,,,,,
Existing,Destination charger,Porsche Centre Parramatta charger,326 Church St,,,,,,,,,,,,,,,,,
Existing,Destination charger,Trio Apartments Camperdown charger,1-5 Sterling Circuit,,,,,,,,,,,,,,,,,
Existing,Destination charger,Sub Base Platypus charger,120 High St,,,,,,,,,,,,,,,,,
Existing,Destination charger,Wilson Parking Opera House charger,2A Macquarie St,,,,,,,,,,,,,,,,,
Existing,Destination charger,Park Hyatt Sydney charger,7 Hickson Road,,,,,,,,,,,,,,,,,
Existing,Destination charger,Middy's Padstow charger,125 Fairford Rd,,,,,,,,,,,,,,,,,
Existing,Destination charger,Pullman Novotel IBIS Sydney Olympic Park charger,Showground Rd,,,,,,,,,,,,,,,,,
Existing,Destination charger,NHP Electrical Engineering Products Pty Ltd charger,30-34 Day St N,,,,,,,,,,,,,,,,,
Existing,Destination charger,IKEA Tempe (1) charger,634-726 Princes Hwy,,,,,,,,,,,,,,,,,
Existing,Destination charger,Harbourside Wilson Parking charger,59 Murray St,,,,,,,,,,,,,,,,,
Existing,Destination charger,Greenwich Rd Kerbside Charger charger,13-15 Greenwich Rd,,,,,,,,,,,,,,,,,
Existing,Destination charger,Coles Carpark. ( Red P1) charger,61 Atchison St,,,,,,,,,,,,,,,,,
Existing,Destination charger,Intellihub - 20 Phoenix St charger,20 Phoenix St,,,,,,,,,,,,,,,,,
Existing,Destination charger,The Canopy Lane Cove (3) charger,12 Rosenthal Ave,,,,,,,,,,,,,,,,,
Existing,Destination charger,Moosewood charger,Kangaroo Valley NSW 2577,,,,,,,,,,,,,,,,,
Existing,Destination charger,Bundanon Art Museum and the Bridge charger,170 Riversdale Rd,,,,,,,,,,,,,,,,,
Existing,Destination charger,Milton Park Country House charger,Horderns Rd,,,,,,,,,,,,,,,,,
Existing,Destination charger,Bangalay Luxury Villas charger,30 Staples St,,,,,,,,,,,,,,,,,
Existing,Destination charger,Goulburn Worker's Club charger,256 Auburn St,,,,,,,,,,,,,,,,,
Existing,Destination charger,The Seabird charger,103 Bruce Cameron Drive,,,,,,,,,,,,,,,,,
Existing,Destination charger,Train St Central charger,44 Train St,,,,,,,,,,,,,,,,,
Existing,Destination charger,Corrigans Cove Resort charger,204 Beach Rd,,,,,,,,,,,,,,,,,
Existing,Destination charger,Charles Sturt University Albury - Wodonga Campus charger,386 Elizabeth Mitchell Dr,,,,,,,,,,,,,,,,,
Existing,Destination charger,Waring Gardens - Deniliquin charger,281 Cressy St,,,,,,,,,,,,,,,,,
Existing,Destination charger,Winsor Park Motor Inn charger,471 Young St,,,,,,,,,,,,,,,,,
Existing,Destination charger,Lake Crackenback Resort charger,1650 Alpine Way,,,,,,,,,,,,,,,,,
Existing,Fast charger,NRMA - Cooma charger,Yulin Avenue,,,,,,,,,,,,,,,,,
Existing,Fast charger,BP Pulse Kellyville charger,19-23 Windsor Rd,,,,,,,,,,,,,,,,,
Existing,Fast charger,BP Seven Hills charger,26 Abbott Rd,,,,,,,,,,,,,,,,,
Existing,Fast charger,BP Balgowlah charger,485 Sydney Rd,,,,,,,,,,,,,,,,,
Existing,Fast charger,BP Asquith charger,462 Pacific Hwy,,,,,,,,,,,,,,,,,
Existing,Fast charger,Village Centre Batemans Bay charger,1 Perry St,,,,,,,,,,,,,,,,,
Existing,Fast charger,Macquarie Centre (2) charger,105Ð107 Waterloo Rd,,,,,,,,,,,,,,,,,
Existing,Fast charger,Shire St Parking charger,13-15 Shire St,,,,,,,,,,,,,,,,,
Existing,Fast charger,Lithgow Workies Club charger,3-7 Tank St,,,,,,,,,,,,,,,,,
Existing,Fast charger,Letitia St & Frederick St Parking charger,20 Letitia St,,,,,,,,,,,,,,,,,
Existing,Fast charger,Anzac Parade Car Park charger,827 Anzac Parade,,,,,,,,,,,,,,,,,
Existing,Fast charger,Morgan St Parking charger,Morgan St,,,,,,,,,,,,,,,,,
Existing,Fast charger,JOLT Perry St charger,550 Bunnerong Rd,,,,,,,,,,,,,,,,,
Existing,Fast charger,Holbrook charger,66 Young St,,,,,,,,,,,,,,,,,
Existing,Destination charger,Cabarita Beach charger,47 Cabarita Beach Road,,,,,,,,,,,,,,,,,
Existing,Destination charger,Mullumbimby Council Car Park charger,70-90 Station St,,,,,,,,,,,,,,,,,
Existing,Destination charger,Sails Port Macquarie charger,20 Park St,,,,,,,,,,,,,,,,,
Existing,Destination charger,Hotel Metropole charger,98 Keen St Lismore NSW 2480,LISMORE,Lismore,2480,-28.80868286,153.2796972,Open 24/7,Everty,4,4,kW,0,4,0,-28.80868286,,,
Existing,Destination charger,Taronga Western Plains Zoo charger,Obley road Taronga Western Plains Zoo,,,,,,,,,,,,,,,,,
Existing,Destination charger,Newcastle Links Motel charger,1024 Nelson Bay Rd,,,,,,,,,,,,,,,,,
Existing,Destination charger,Muswellbrook Marketplace charger,Hill Street,,,,,,,,,,,,,,,,,
Existing,Destination charger,West End Motor Lodge charger,2-6 Dalton St,,,,,,,,,,,,,,,,,
Existing,Destination charger,Cypress Lakes Resort Golf & Country Club charger,Vintage Avenue,,,,,,,,,,,,,,,,,
Existing,Destination charger,Briar Ridge Vineyard charger,593 Mount View Rd,,,,,,,,,,,,,,,,,
Existing,Destination charger,Winning Post Motor Inn charger,101 Church St,,,,,,,,,,,,,,,,,
Existing,Destination charger,Kloster Nissan charger,Tudor St,,,,,,,,,,,,,,,,,
Existing,Destination charger,Wharf Rd Car Park charger,209 Wharf Road,,,,,,,,,,,,,,,,,
Existing,Destination charger,Club Maitland City (1) charger,14 Arthur St,,,,,,,,,,,,,,,,,
Existing,Destination charger,Waves Fitness & Aquatic Centre charger,44 Mileham Ave,,,,,,,,,,,,,,,,,
Existing,Destination charger,Blacktown Exercise Sports and Technology Hub at the International sports park charger,Gate A,,,,,,,,,,,,,,,,,
Existing,Destination charger,Hotel Mountain Heritage Blue Mountains charger,10 Apex St,,,,,,,,,,,,,,,,,
Existing,Destination charger,Kyah Hotel charger,13-17 Brightlands Ave,,,,,,,,,,,,,,,,,
Existing,Destination charger,Stevens Park Rockley charger,6 Budden St,,,,,,,,,,,,,,,,,
Existing,Destination charger,The William Inglis Hotel charger,155 Gov Macquarie Dr,,,,,,,,,,,,,,,,,
Existing,Destination charger,Bathurst Rail Museum charger,126 Havannah St,,,,,,,,,,,,,,,,,
Existing,Destination charger,Birkenhead Point Outlet Centre charger,19 Roseby St,,,,,,,,,,,,,,,,,
Existing,Destination charger,Bow Charging - Randwick charger,46 Gilderthorpe Avenue,,,,,,,,,,,,,,,,,
Existing,Destination charger,Holiday Inn Sydney - Potts Point charger,203 Victoria St,,,,,,,,,,,,,,,,,
Existing,Destination charger,100 Harris charger,100 Harris St,,,,,,,,,,,,,,,,,
Existing,Destination charger,Cochlear - Energy and Carbon charger,14 Mars Rd,,,,,,,,,,,,,,,,,
Existing,Destination charger,The Lantern Club charger,21 Roselands Ave,,,,,,,,,,,,,,,,,
Existing,Destination charger,East Village Shopping Centre (2) charger,Level B2,,,,,,,,,,,,,,,,,
Existing,Destination charger,Moruya Golf Club charger,66 Murray St,,,,,,,,,,,,,,,,,
Existing,Destination charger,Ocular Charger 22 kWh Dual Charger charger,1 Ballingalla St Narooma NSW 2546,EUROBODALLA,Narooma,2546,-36.21880075,150.1385993,Open 24/7,,1,2,kW,0,2,0,-36.21880075,,,
Existing,Destination charger,Tumut River Brewing Co charger,1/5 Capper St,,,,,,,,,,,,,,,,,
Existing,Destination charger,Yass Soldiers Club charger,86 Meehan St,,,,,,,,,,,,,,,,,
Existing,Destination charger,Highfields Chalet charger,Avonside NSW 2628,,,,,,,,,,,,,,,,,
Existing,Destination charger,Cobargo Coop charger,54 Princes Hwy,,,,,,,,,,,,,,,,,
Existing,Destination charger,Moama Bowling Club charger,7 Blair St,,,,,,,,,,,,,,,,,
Existing,Destination charger,Harbourview House Bermagui charger,56-58 Lamont St,,,,,,,,,,,,,,,,,
Existing,Destination charger,Eden Motel charger,87 Princes Hwy,,,,,,,,,,,,,,,,,
Existing,Fast charger,Taree South Service Centre charger,201 Manning River Dr,,,,,,,,,,,,,,,,,
Existing,Fast charger,HomeCo Bankstown charger,9-49 Chapel Road,,,,,,,,,,,,,,,,,
Existing,Fast charger,Kelly St Car Park charger,116 Liverpool St,,,,,,,,,,,,,,,,,
Existing,Destination charger,Glenrock Gardens charger,84 Robinsons Ln,,,,,,,,,,,,,,,,,
Existing,Destination charger,Lightning Ridge Bowling Club charger,Lightning Ridge District Bowling Club,,,,,,,,,,,,,,,,,
Existing,Destination charger,The Haven @ Arakoon charger,22 Rocks View Crescent,,,,,,,,,,,,,,,,,
Existing,Destination charger,Fitzroy Motor Inn charger,27 Fitzroy St,,,,,,,,,,,,,,,,,
Existing,Destination charger,Lord St Car Park charger,35-39 Lord St,,,,,,,,,,,,,,,,,
Existing,Destination charger,Kandos Museum charger,22 Buchanan St,,,,,,,,,,,,,,,,,
Existing,Destination charger,Oakvale Wines charger,1596 Broke Rd,,,,,,,,,,,,,,,,,
Existing,Destination charger,EVX Dixon Park charger,Dixon Park Beach Carpark,NEWCASTLE,Merewether,2291,-32.94464453,151.7602472,Open 24/7,EVX,2,2,kW,0,2,0,-32.94464453,,,
Existing,Destination charger,Savannah Estate charger,402 Mount View Road Lot 211,,,,,,,,,,,,,,,,,
Existing,Destination charger,Novotel Newcastle Beach charger,5 King St,,,,,,,,,,,,,,,,,
Existing,Destination charger,Speers Point Park charger,15 Park Rd,,,,,,,,,,,,,,,,,
Existing,Destination charger,Old Maitland Inn charger,279 New England Hwy,,,,,,,,,,,,,,,,,
Existing,Destination charger,4 Pines @ the Farm Bistro & Taproom charger,Corner Hermitage Rd & Mistletoe Ln,,,,,,,,,,,,,,,,,
Existing,Destination charger,Quest Orange charger,132 Kite Street,,,,,,,,,,,,,,,,,
Existing,Destination charger,Stockland Glendale - Commonwealth Bank charger,387 Lake Rd,,,,,,,,,,,,,,,,,
Existing,Destination charger,Blacksmiths Beachside Holiday Park (Cabin 28 Booking Required) charger,30 Gommera St,,,,,,,,,,,,,,,,,
Existing,Destination charger,Glenworth Valley Wilderness Adventures charger,69 Cooks Rd,,,,,,,,,,,,,,,,,
Existing,Destination charger,GT Tooling charger,34 Railway Rd S,,,,,,,,,,,,,,,,,
Existing,Destination charger,Woolworths North Parramatta charger,1-9 North Rocks Rd,,,,,,,,,,,,,,,,,
Existing,Destination charger,El Cortez Hotel charger,337 Canley Vale Rd,,,,,,,,,,,,,,,,,
Existing,Destination charger,2 Morton St Parramatta Apartments charger,2 Morton St,,,,,,,,,,,,,,,,,
Existing,Destination charger,mycar Tyre & Auto Parramatta charger,9A Aird St,,,,,,,,,,,,,,,,,
Existing,Destination charger,Sylvania BMW charger,101-107 Princes Hwy,,,,,,,,,,,,,,,,,
Existing,Destination charger,Roselands Shopping Centre charger,24 Roselands Dr,,,,,,,,,,,,,,,,,
Existing,Destination charger,The Italian Forum charger,32/23 Norton St,,,,,,,,,,,,,,,,,
Existing,Destination charger,Brick Lane Apartments charger,55 Princes Hwy,,,,,,,,,,,,,,,,,
Existing,Destination charger,Bow Charging - Balmain charger,3A Queens Pl,,,,,,,,,,,,,,,,,
Existing,Destination charger,Beyond Apartments charger,15 Jack Brabham Dr,,,,,,,,,,,,,,,,,
Existing,Destination charger,Liverpool Street Gallery charger,243 Liverpool Street,,,,,,,,,,,,,,,,,
Existing,Destination charger,One Chalmers charger,1-5 Chalmers Cres,,,,,,,,,,,,,,,,,
Existing,Destination charger,SIXT Domain Wooloomooloo charger,50 Sir John Young Cres,,,,,,,,,,,,,,,,,
Existing,Destination charger,Sydney Markets charger,250-318 Parramatta Rd,,,,,,,,,,,,,,,,,
Existing,Destination charger,1 Quarry St Parking charger,1 Quarry St,,,,,,,,,,,,,,,,,
Existing,Destination charger,UKO Top Ryde charger,176 Blaxland Rd,,,,,,,,,,,,,,,,,
Existing,Destination charger,19A Sirius Rd Parking charger,19A Sirius Rd,,,,,,,,,,,,,,,,,
Existing,Destination charger,Tramsheds Harold Park (1) charger,1 Dalgal Way,,,,,,,,,,,,,,,,,
Existing,Destination charger,Mali Brae Farm charger,562 Nowra Rd,,,,,,,,,,,,,,,,,
Existing,Destination charger,Old Nunnery Bed & Breakfast charger,27 Arthur Street,,,,,,,,,,,,,,,,,
Existing,Destination charger,Nowra Toyota charger,104 Princes Hwy,,,,,,,,,,,,,,,,,
Existing,Destination charger,Clonakilla Wines charger,3 Crisps Lane,,,,,,,,,,,,,,,,,
Existing,Destination charger,Discovery Parks Pambula Beach charger,1 Pambula Beach Rd,,,,,,,,,,,,,,,,,
Existing,Destination charger,The Post Office & Barn Tinkersfield charger,1 Post Office Ln,,,,,,,,,,,,,,,,,
Existing,Destination charger,Moama Riverside Holiday Park charger,Corner Cobb Hwy &,,,,,,,,,,,,,,,,,
Existing,Destination charger,ORANGEWOOD Holiday House charger,555 Tallwood Rd,,,,,,,,,,,,,,,,,
Existing,Destination charger,Squatters Run Thredbo charger,24 Diggings Terrace,,,,,,,,,,,,,,,,,
Existing,Fast charger,Queen Street Carpark (Dorhauer Lane) charger,Dorhauer Lane,,,,,,,,,,,,,,,,,
Existing,Fast charger,Snowy River Ave Car Park charger,Corner of Snowy River Avenue and,,,,,,,,,,,,,,,,,
Existing,Fast charger,Sungrow Power Australia Warehouse charger,91 Victoria St,,,,,,,,,,,,,,,,,
Existing,Fast charger,Crossroads Hotel (2) charger,2260 Camden Valley Wy,,,,,,,,,,,,,,,,,
Existing,Destination charger,Moppett St Car Park (2) charger,406 Moppett St,,,,,,,,,,,,,,,,,
Existing,Destination charger,Albacore Apartments charger,Market St,,,,,,,,,,,,,,,,,
Existing,Fast charger,Coles Underground Parking charger,227 Railway Terrace,,,,,,,,,,,,,,,,,
Existing,Fast charger,Dan Murphy's Swansea charger,36 Josephson St,,,,,,,,,,,,,,,,,
Existing,Destination charger,Donegal Farmstay charger,103 Sandy Flat Road,,,,,,,,,,,,,,,,,
Existing,Destination charger,Woodenbong Recreation Reserve charger,1 Unumgar St,,,,,,,,,,,,,,,,,
Existing,Destination charger,Kyogle Museum charger,6 Roxy Ln,,,,,,,,,,,,,,,,,
Existing,Destination charger,Byron Palms Guesthouse charger,7 Browning St,,,,,,,,,,,,,,,,,
Existing,Destination charger,Marvell Lane Studio charger,60 Massinger Street,BYRON,Byron Bay,2481,-28.647653,153.620656,Daylight hours only,,1,1,kW,1,0,0,-28.647653,,,
Existing,Destination charger,Casino RSM charger,162 Canterbury St,,,,,,,,,,,,,,,,,
Existing,Destination charger,Armidale Motel charger,66 Glen Innes Rd,,,,,,,,,,,,,,,,,
Existing,Destination charger,Harrington Hotel. charger,32 Beach St,,,,,,,,,,,,,,,,,
Existing,Destination charger,Hibiscus Lakeside Motel charger,2 Diamond Head Dr,,,,,,,,,,,,,,,,,
Existing,Destination charger,Petersons Wines charger,522 Mount View Road,,,,,,,,,,,,,,,,,
Existing,Destination charger,NRMA Forster Tuncurry Holiday Park charger,1 Baird street,,,,,,,,,,,,,,,,,
Existing,Destination charger,Tamburlaine Wines charger,Tamburlaine,,,,,,,,,,,,,,,,,
Existing,Destination charger,Matilda Motor Inn charger,231 Darling St,,,,,,,,,,,,,,,,,
Existing,Destination charger,Chateau Elan at The Vintage Hunter Valley charger,786G+FJ Pokolbin NSW,,,,,,,,,,,,,,,,,
Existing,Destination charger,Bluegum Dubbo Motel charger,109 Cobra St,,,,,,,,,,,,,,,,,
Existing,Destination charger,Smith St Charlestown charger,33 Smith St,,,,,,,,,,,,,,,,,
Existing,Destination charger,Victoria Theatre charger,8/10 Perkins St,,,,,,,,,,,,,,,,,
Existing,Destination charger,Rydges Hunter Valley Carpark charger,430 Wine Country Dr,,,,,,,,,,,,,,,,,
Existing,Destination charger,Blacksmiths Beachside Holiday Park (Cabin 29 Booking Required) charger,30 Gommera St,,,,,,,,,,,,,,,,,
Existing,Destination charger,The Hydro Majestic Hotel Blue Mountains charger,52-88 Great Western Hwy,,,,,,,,,,,,,,,,,
Existing,Destination charger,Seymour Residences Roseville charger,989 Pacific Hwy,,,,,,,,,,,,,,,,,
Existing,Destination charger,Birdsong Killcare AirBnB charger,36 Maitland Bay Drive,,,,,,,,,,,,,,,,,
Existing,Destination charger,Pandorea Schofields charger,26 Sutherland Ave,,,,,,,,,,,,,,,,,
Existing,Destination charger,Schofields Village Shopping Centre - Coles (1) charger,227 Railway Terrace,,,,,,,,,,,,,,,,,
Existing,Destination charger,Campbell Street Parking charger,34-52  Campbell Street,,,,,,,,,,,,,,,,,
Existing,Destination charger,Jenolan Caves House charger,4654 Jenolan Caves Road,,,,,,,,,,,,,,,,,
Existing,Destination charger,National Motor Racing Museum charger,400 Panorama Ave,,,,,,,,,,,,,,,,,
Existing,Destination charger,Volvo Cars Liverpool charger,Sappho Rd,,,,,,,,,,,,,,,,,
Existing,Destination charger,Camden Council - Oran Park charger,72 Central Ave,,,,,,,,,,,,,,,,,
Existing,Destination charger,Sutherland Shire Council charger,4 Eton St,,,,,,,,,,,,,,,,,
Existing,Destination charger,Bronte – Trafalgar St Parking charger,Cnr Trafalgar St & Pembroke St,,,,,,,,,,,,,,,,,
Existing,Destination charger,Teachers Mutual Bank charger,28 Powell Street,,,,,,,,,,,,,,,,,
Existing,Destination charger,1 - 3 Warners Avenue North Bondi Parking charger,1-3 Warners Ave,,,,,,,,,,,,,,,,,
Existing,Destination charger,Pacific Bondi Beach charger,180 Campbell Parade,,,,,,,,,,,,,,,,,
Existing,Destination charger,Victoria Rd - Ashfield - Arc Renewable charger,9 Victoria St,,,,,,,,,,,,,,,,,
Existing,Destination charger,Plunkett Street Parking charger,32 Chandos St,,,,,,,,,,,,,,,,,
Existing,Destination charger,Delta Electronics Australia charger,Unit 18/39 Herbert Street,,,,,,,,,,,,,,,,,
Existing,Destination charger,1 Georges Place Parking charger,Georges Place,,,,,,,,,,,,,,,,,
Existing,Destination charger,Figtree Grove Shopping Centre (1) charger,19 Princes Hwy,,,,,,,,,,,,,,,,,
Existing,Destination charger,Banksia Park cottages charger,114 Riadiata Road,,,,,,,,,,,,,,,,,
Existing,Destination charger,Worrigee Sports charger,131 Greenwell Point Rd,,,,,,,,,,,,,,,,,
Existing,Destination charger,Mittagong Visitor Information Centre charger,70 Main St,,,,,,,,,,,,,,,,,
Existing,Destination charger,Ridgewaters Kiama charger,2 Surfleet Pl,,,,,,,,,,,,,,,,,
Existing,Destination charger,Park Ridge Retreat charger,139 Belinda St,,,,,,,,,,,,,,,,,
Existing,Destination charger,Petrichor Farm charger,89 Haskins Way,,,,,,,,,,,,,,,,,
Existing,Destination charger,Adelaide Hotel Moruya charger,36-38 Vulcan St,,,,,,,,,,,,,,,,,
Existing,Destination charger,Cobargo Hotel-Motel charger,39-41 Princes Highway Cobargo NSW 2550,BEGA VALLEY,Cobargo,2550,-36.3892618,149.8862784,Open 24/7,SolarHub Charge,2,2,kW,0,2,0,-36.3892618,,,
Existing,Fast charger,NRMA - Karuah charger,403 Tarean Road,,,,,,,,,,,,,,,,,
Existing,Fast charger,Woolworths North Parramatta charger,1-9 North Rocks Road,,,,,,,,,,,,,,,,,
Existing,Fast charger,Ampol Foodary St Ives charger,164 Mona Vale Rd,,,,,,,,,,,,,,,,,
Existing,Fast charger,Ampol Foodary Marsden Park charger,875 Richmond Rd,,,,,,,,,,,,,,,,,
Existing,Fast charger,Leichhardt Marketplace charger,128 Flood Street,,,,,,,,,,,,,,,,,
Existing,Fast charger,Coonabarabran Visitors Centre charger,Coonabarabran Coach Stop,,,,,,,,,,,,,,,,,
Existing,Fast charger,Orange Civic Centre Car Park charger,151A Byng St,,,,,,,,,,,,,,,,,
Existing,Fast charger,Walton Lane Car Park charger,5 Walton Lane,,,,,,,,,,,,,,,,,
Existing,Fast charger,Tenterfield Visitors Information Centre charger,157 Rouse Street,,,,,,,,,,,,,,,,,
Existing,Fast charger,Roseville Station charger,1 Clanville Rd,,,,,,,,,,,,,,,,,
Existing,Destination charger,Brunswick River Inn charger,2 The Terrace,,,,,,,,,,,,,,,,,
Existing,Destination charger,Petersons Armidale Winery & Guesthouse charger,345 Dangarsleigh Road,,,,,,,,,,,,,,,,,
Existing,Destination charger,Back Creek charger,19 Buchanan Dr,,,,,,,,,,,,,,,,,
Existing,Destination charger,Aperture Digital charger,65A Barwan Street Narrabri NSW,NARRABRI,Narrabri,2390,-30.32772937,149.7858767,Open 24/7,,1,1,kW,0,1,0,-30.32772937,,,
Existing,Destination charger,CH Boutique Hotel charger,52 Brisbane St,,,,,,,,,,,,,,,,,
Existing,Destination charger,Peak Hill Caravan Park charger,2 Ween St,,,,,,,,,,,,,,,,,
Existing,Destination charger,Lake Macquarie Council charger,126-138 Main Rd,,,,,,,,,,,,,,,,,
Existing,Destination charger,Lake Macquarie Motor Inn charger,798 Pacific Highway,,,,,,,,,,,,,,,,,
Existing,Destination charger,Esplanade Motel Warners Bay charger,568 The Esplanade,,,,,,,,,,,,,,,,,
Existing,Destination charger,The Ridge Nelson Bay charger,14 Gymea Way,,,,,,,,,,,,,,,,,
Existing,Destination charger,Seafarers Diamond Beach - Accessible Accommodation charger,16 Saltwater Cres,,,,,,,,,,,,,,,,,
Existing,Destination charger,NRMA Dubbo City Holiday Park (2) charger,18 Alfred street,,,,,,,,,,,,,,,,,
Existing,Destination charger,41 Station Street,,,,,,,,,,,,,,,,,,
Existing,Destination charger,SG Fleet Pymble charger,20 Bridge Street,,,,,,,,,,,,,,,,,
Existing,Destination charger,Bethany Manor charger,8-12 Eastview Ave,,,,,,,,,,,,,,,,,
Existing,Destination charger,4 Pines Brewing Company Wholesale Pty Limited charger,9/13 Winbourne Rd,,,,,,,,,,,,,,,,,
Existing,Destination charger,Komatsu Fairfield charger,50-60 Fairfield St,,,,,,,,,,,,,,,,,
Existing,Destination charger,HomeCo Prestons charger,1975 Camden Valley Way,,,,,,,,,,,,,,,,,
Existing,Destination charger,Leppington Village Shopping Centre charger,108 Ingleburn Rd,,,,,,,,,,,,,,,,,
Existing,Destination charger,45 - 49 Harbourne Rd Parking charger,45-49 Harbourne Rd,,,,,,,,,,,,,,,,,
Existing,Destination charger,AXCharge St Cathedral Car Parking charger,2 Cathedral St,,,,,,,,,,,,,,,,,
Existing,Destination charger,16 Kent Street Parking charger,16 Kent Street Millers Point,,,,,,,,,,,,,,,,,
Existing,Destination charger,97 Glenayr Ave Parking charger,97 Glenayr Ave,,,,,,,,,,,,,,,,,
Existing,Destination charger,Arncliffe St Wolli Creek charger,Arncliffe St,,,,,,,,,,,,,,,,,
Existing,Destination charger,Commbank Foundry Carpark charger,Shop 17/2 Central Ave,,,,,,,,,,,,,,,,,
Existing,Destination charger,The Canopy Lane Cove (2) charger,2 Rosenthal Ave,,,,,,,,,,,,,,,,,
Lane Cove NSW 2066,,,,,,,,,,,,,,,,,,,,
Existing,Destination charger,University of Wollongong charger,University of Wollongong,,,,,,,,,,,,,,,,,
Existing,Destination charger,Providence Park charger,46 Providence Rd,,,,,,,,,,,,,,,,,
Existing,Destination charger,Anchors Aweigh Narooma charger,5 Tilba St,,,,,,,,,,,,,,,,,
Existing,Destination charger,Tooleybuc Club Motor Inn charger,1 Lockhart Road,,,,,,,,,,,,,,,,,
Existing,Destination charger,Thredbo P4 Car Park charger,1 Friday Dr,,,,,,,,,,,,,,,,,
Existing,Destination charger,Tathra Hotel & Motel charger,8-12 Bega St,,,,,,,,,,,,,,,,,
Existing,Destination charger,The Panorama Jindabyne charger,16 Nettin Circuit,,,,,,,,,,,,,,,,,
Existing,Fast charger,Berowra Tennis Centre charger,6 Boundary Street,,,,,,,,,,,,,,,,,
Existing,Fast charger,Ampol Foodary Edmondson Park charger,2072 Camden Valley Way,,,,,,,,,,,,,,,,,
Existing,Fast charger,Ampol Foodary Penrith charger,153 Coreen Ave,,,,,,,,,,,,,,,,,
Existing,Fast charger,Shell Tyndale charger,2848 Big River Way,,,,,,,,,,,,,,,,,
Existing,Fast charger,Marketfair Campbelltown charger,4 Tindall St,,,,,,,,,,,,,,,,,
Existing,Fast charger,Lovell St Car Park charger,88 Lovell St,,,,,,,,,,,,,,,,,
Existing,Fast charger,Jugiong Playground & Swimming Pool charger,319 Riverside Dr,,,,,,,,,,,,,,,,,
Existing,Fast charger,Brighton St,,,,,,,,,,,,,,,,,,
Existing,Fast charger,Hope St Parking Lot charger,126 Hope St,,,,,,,,,,,,,,,,,
Existing,Fast charger,Quality Hotel Rules Club Wagga (2) charger,188 Fernleigh Rd,,,,,,,,,,,,,,,,,
Existing,Fast charger,Tramsheds Harold Park (2) charger,1 Dalgal Wy,,,,,,,,,,,,,,,,,
Existing,Destination charger,Gallery Motel charger,453 Tweed Valley Way,,,,,,,,,,,,,,,,,
Existing,Destination charger,The Sunseeker Byron Bay charger,100 Bangalow Rd,,,,,,,,,,,,,,,,,
Existing,Destination charger,Big 4 Holiday Park charger,282 O'Keefes Ln,,,,,,,,,,,,,,,,,
Existing,Destination charger,North Coast Storage P/L charger,24 Industrial Dr,,,,,,,,,,,,,,,,,
Existing,Destination charger,Cedar Lodge Motel charger,119 Barney St,,,,,,,,,,,,,,,,,
Existing,Destination charger,Gulgong Herbert Street Council Carpark charger,106-108 Herbert St,,,,,,,,,,,,,,,,,
Existing,Destination charger,Blue Wren Wines charger,433 Ulan Rd,,,,,,,,,,,,,,,,,
Existing,Destination charger,Best Western Plus Apollo International charger,290 Pacific Hwy,,,,,,,,,,,,,,,,,
Existing,Destination charger,Nelson Resort & Conference Centre charger,3 Government Road Nelson Bay New South Wales NSW 2315,PORT STEPHENS,Nelson Bay,2315,-32.720687,152.1428,,Tesla Destination,2,2,6 kW,2,0,0,-32.720687,,,
Existing,Destination charger,Club Maitland City (2) charger,14 Arthur Street,,,,,,,,,,,,,,,,,
Existing,Destination charger,Spicers Vineyards Estate charger,555 Hermitage Rd,,,,,,,,,,,,,,,,,
Existing,Destination charger,Albatross Marina charger,44 Cook Pde,,,,,,,,,,,,,,,,,
Existing,Destination charger,Not available charger,100 Pacific Highway,CENTRAL COAST,Wyoming,2250,-33.411109,151.345927,,,1,1,kW,0,1,0,-33.411109,,,
Existing,Destination charger,Mount Druitt Hub charger,9 Ayres Grove,,,,,,,,,,,,,,,,,
Existing,Destination charger,Erina Fair charger,Penrose Cres,,,,,,,,,,,,,,,,,
Existing,Destination charger,Woolworths Chatswood East charger,17 Smith St,,,,,,,,,,,,,,,,,
Existing,Destination charger,mycar Chatswood charger,55 Alleyne St,,,,,,,,,,,,,,,,,
Existing,Destination charger,KFC Frenchs Forest charger,20 Frenchs Forest Rd E,,,,,,,,,,,,,,,,,
Existing,Destination charger,Supercheap Auto Penrith charger,13/23 Pattys Pl,,,,,,,,,,,,,,,,,
Existing,Destination charger,FIMER Australia charger,25 Helles Ave,,,,,,,,,,,,,,,,,
Existing,Destination charger,Stockland Wetherill Park charger,561-583 Polding St,,,,,,,,,,,,,,,,,
Existing,Destination charger,Alpha Hotel Eastern Creek charger,1 Peter Brock Dr,,,,,,,,,,,,,,,,,
Existing,Destination charger,The Boulevarde Brighton Le Sands charger,The Boulevarde,,,,,,,,,,,,,,,,,
Existing,Destination charger,Endeavour Ave Parking charger,41-41A Endeavour Ave,,,,,,,,,,,,,,,,,
Existing,Destination charger,Woolworths Ashfield North charger,202 Parramatta Rd,,,,,,,,,,,,,,,,,
Existing,Destination charger,Glenferrie Lodge Kirribilli charger,12a Carabella,,,,,,,,,,,,,,,,,
Existing,Destination charger,27 Campbell Ave Parking charger,27 Campbell Ave,,,,,,,,,,,,,,,,,
Existing,Destination charger,Des Renford Leisure Centre - Carpark charger,Jersey Rd and Robey St,,,,,,,,,,,,,,,,,
Existing,Destination charger,Unity by Meriton - Mascot Central charger,256 Coward St,,,,,,,,,,,,,,,,,
Existing,Destination charger,Kings Cross Car Park charger,9A Elizabeth Bay Road,,,,,,,,,,,,,,,,,
Existing,Destination charger,Ridge St Carpark charger,1 James Place,,,,,,,,,,,,,,,,,
Existing,Destination charger,AMP Capital - Circular Quay charger,Level 2/50 Bridge St,,,,,,,,,,,,,,,,,
Existing,Destination charger,Ausgrid Homebush Depot (1) charger,25 Pomeroy St,,,,,,,,,,,,,,,,,
Existing,Destination charger,4 Pinaroo Pl Parking charger,4 Pinaroo Pl,,,,,,,,,,,,,,,,,
Existing,Destination charger,Lane Cove Market Square Car Park charger,24-28 Burns Bay Rd,,,,,,,,,,,,,,,,,
Existing,Destination charger,St Maur Winery charger,238 Old Argyle Rd,,,,,,,,,,,,,,,,,
Existing,Destination charger,Mittagong Motel charger,7-11 Old Hume Hwy,,,,,,,,,,,,,,,,,
Existing,Destination charger,Shellharbour Civic Centre charger,76 Cygnet Ave,,,,,,,,,,,,,,,,,
Existing,Destination charger,Berrara Beach Holiday Chalets charger,22 Berrara Rd,,,,,,,,,,,,,,,,,
Existing,Destination charger,Tesla destination charger Tumut Brewery charger,1-5 Capper St,,,,,,,,,,,,,,,,,
Existing,Destination charger,AirBNB Listing charger,3 Warrul Rd,,,,,,,,,,,,,,,,,
Existing,Destination charger,Sycamore St Car Park charger,Dooley Lane,,,,,,,,,,,,,,,,,
Existing,Destination charger,NRMA Short Point cabin & Caravan Park charger,Short Point Road,,,,,,,,,,,,,,,,,
Existing,Destination charger,Peards Albury charger,119 Borella Rd,,,,,,,,,,,,,,,,,
Existing,Fast charger,ENGIE - DFO Homebush charger,3-5 Underwood Road,,,,,,,,,,,,,,,,,
Existing,Fast charger,Dapto Mall charger,Moombara St,,,,,,,,,,,,,,,,,
Existing,Fast charger,HomeCo Castle Hill charger,18 Victoria Avenue,,,,,,,,,,,,,,,,,
Existing,Fast charger,Civic Plaza 88 Christie charger,88 Christie St,,,,,,,,,,,,,,,,,
Existing,Fast charger,Kiewa St Car Park Rooftop charger,441 Kiewa St,,,,,,,,,,,,,,,,,
Existing,Fast charger,Parkes Swimming Pool charger,27 Dalton St,,,,,,,,,,,,,,,,,
Existing,Fast charger,Cowra Art Gallery charger,77 Darling St,,,,,,,,,,,,,,,,,
Existing,Fast charger,Middy's Wagga Wagga East charger,176 Hammond Ave,,,,,,,,,,,,,,,,,
Existing,Fast charger,Little Walker St Parking charger,1 Little Walker St,,,,,,,,,,,,,,,,,
Existing,Fast charger,Hands of Fame Park charger,2 Kable Ave,,,,,,,,,,,,,,,,,
Existing,Fast charger,Penrith Station Kiss and Ride charger,31 Jane Street,,,,,,,,,,,,,,,,,
Existing,Fast charger,Bathurst Visitor Information Centre charger,1 Kendall Ave,,,,,,,,,,,,,,,,,
Existing,Destination charger,Old Council Chambers Luxury Accommodation charger,157 Manners St,,,,,,,,,,,,,,,,,
Existing,Destination charger,The Clydesdale Motel & Steakhouse charger,143 Johnston Street,,,,,,,,,,,,,,,,,
Existing,Destination charger,Port Macquarie Base Hospital charger,1 Wrights Rd,,,,,,,,,,,,,,,,,
Existing,Destination charger,Alabaster Motor Inn charger,23 Oxley Street,,,,,,,,,,,,,,,,,
Existing,Destination charger,In Town Motor Inn charger,77 Victoria St,,,,,,,,,,,,,,,,,
Existing,Destination charger,Rydges Armidale charger,31 Marsh St,,,,,,,,,,,,,,,,,
Existing,Destination charger,Coffs Central (1) charger,35 – 61 Harbour Drive,,,,,,,,,,,,,,,,,
Existing,Destination charger,Alroy Park Club - Singleton Diggers charger,8 Dorsman Dr,,,,,,,,,,,,,,,,,
Existing,Destination charger,Caves Coastal Bar and Bungalows charger,Unit 3/3 Mawson Cl,,,,,,,,,,,,,,,,,
Existing,Destination charger,Laman St Parking charger,25 Laman St,,,,,,,,,,,,,,,,,
Existing,Destination charger,Rylstone Memorial Hall charger,73 Louee St,,,,,,,,,,,,,,,,,
Existing,Destination charger,Hunter Valley Resort charger,CNR Hermitage Rd and Mistletow Ln,,,,,,,,,,,,,,,,,
Existing,Destination charger,Ropes Crossing Village Shopping Centre charger,8 Ropes Crossing Blvd,,,,,,,,,,,,,,,,,
Existing,Destination charger,Rouse Hill Town Centre - Purple Car Park charger,72 Civic Way,,,,,,,,,,,,,,,,,
Existing,Destination charger,SolarBee charger,21 Station St,,,,,,,,,,,,,,,,,
Existing,Destination charger,Eastern Creek Quarter charger,159 Rooty Hill Rd S,,,,,,,,,,,,,,,,,
Existing,Destination charger,Grove Square Baulkham Hills Mall (ex Stockland) charger,375 Windsor Rd,,,,,,,,,,,,,,,,,
Existing,Destination charger,Conmurra Wildlife Sanctuary and Airbnb charger,49 Timber Ridge Road,,,,,,,,,,,,,,,,,
Existing,Destination charger,Jessie Street Centre charger,12 Macquarie St Parramatta NSW 2150,,,,,,,,,,,,,,,,,
Existing,Destination charger,Club Parramatta Car Park charger,2A Macquarie St,,,,,,,,,,,,,,,,,
Existing,Destination charger,Mirvac South Eveleigh charger,2 Central Ave,,,,,,,,,,,,,,,,,
Existing,Destination charger,UNSW Sydney - Botany Street Carpark charger,Parking Station (H25),,,,,,,,,,,,,,,,,
Existing,Destination charger,Woollahra Municipal Council Chambers charger,536 New S Head Rd,,,,,,,,,,,,,,,,,
Existing,Destination charger,117 Glenayr Ave Parking charger,117 Glenayr Ave,,,,,,,,,,,,,,,,,
Existing,Destination charger,Nicholson St Carpark charger,19 Nicholson St,,,,,,,,,,,,,,,,,
Existing,Destination charger,Sienna By The Bay - Marquet Street charger,2-6 Marquet St,,,,,,,,,,,,,,,,,
Existing,Destination charger,SIXT Artarmon charger,8 Cleg St,,,,,,,,,,,,,,,,,
Existing,Destination charger,Top Ryde City Shopping Centre charger,Devlin St & Blaxland Rd,,,,,,,,,,,,,,,,,
Existing,Destination charger,Cammeray Square (1) charger,450-476 Miller St,,,,,,,,,,,,,,,,,
Existing,Destination charger,Best Western Plus Goulburn charger,77 Lagoon St,,,,,,,,,,,,,,,,,
Existing,Destination charger,Dawning Day Winery charger,25 Rockleigh Rd,,,,,,,,,,,,,,,,,
Existing,Destination charger,The Rock Recreation Ground charger,60 Wilson St,,,,,,,,,,,,,,,,,
Existing,Destination charger,Mino + Co Wines Cellar Door charger,113 Hanwood Ave,,,,,,,,,,,,,,,,,
Existing,Destination charger,Pelican Motor Inn charger,Pelican Motor Inn,,,,,,,,,,,,,,,,,
Existing,Destination charger,Heritage House Motel and Units charger,178 Imlay Street,,,,,,,,,,,,,,,,,
Existing,Fast charger,Ampol Foodary Northmead charger,98-100 Windsor Rd,,,,,,,,,,,,,,,,,
Existing,Fast charger,Shell Jamisontown charger,221 Wolseley St,,,,,,,,,,,,,,,,,
Existing,Fast charger,Royal Randwick charger,73 Belmore Road,,,,,,,,,,,,,,,,,
Existing,Fast charger,Everton Park charger,Everton Park,,,,,,,,,,,,,,,,,
Existing,Fast charger,Rouse Hill Village Centre charger,40 Panmure St,,,,,,,,,,,,,,,,,
Existing,Fast charger,The Silos Estate charger,640 Princes Hwy,,,,,,,,,,,,,,,,,
Existing,Fast charger,Coles Tenterfield charger,13 Crown St,,,,,,,,,,,,,,,,,
Existing,Destination charger,Gymea Eco Retreat & Spa charger,128 Bonnydoon Rd,,,,,,,,,,,,,,,,,
Existing,Destination charger,Mercato Shopping Centre charger,108-110 Jonson Street,,,,,,,,,,,,,,,,,
Existing,Destination charger,Varnsen Suites charger,10 Seymour street Laurieton,PORT MACQUARIE-HASTINGS,Laurieton,2443,-31.65059653,152.7958746,7:00 AM - 7:00 PM,Exploren,2,2,22 kW,0,2,0,-31.65059653,,,
Existing,Destination charger,Charles Sturt University charger,Charles Sturt University campus,,,,,,,,,,,,,,,,,
Existing,Destination charger,The Westport Club Carpark charger,25e Buller St,,,,,,,,,,,,,,,,,
Existing,Destination charger,Flynns on Surf Beach Villas charger,25 Surf St,,,,,,,,,,,,,,,,,
Existing,Destination charger,Emirates One & Only Wolgan Valley charger,2600 Wolgan Road,,,,,,,,,,,,,,,,,
Existing,Destination charger,Dogwood Hunter Valley charger,2 Casuarina Dr,,,,,,,,,,,,,,,,,
Existing,Destination charger,Dubbo Regional Council - Hawthorn St Depot charger,24 Hawthorn St,,,,,,,,,,,,,,,,,
Existing,Destination charger,Seaside Resort charger,48 Marine Drive,,,,,,,,,,,,,,,,,
Existing,Destination charger,Upper Hunter Automotive charger,15-17 Rutherford Rd,,,,,,,,,,,,,,,,,
Existing,Destination charger,Flick Pest Control Newcastle charger,3-5/14 Arunga Dr,,,,,,,,,,,,,,,,,
Existing,Destination charger,Sandvik Mining & Rock Technology charger,Gate 2/431 Masonite Rd,,,,,,,,,,,,,,,,,
Existing,Destination charger,Jetty Motel charger,353 The Entrance Road,,,,,,,,,,,,,,,,,
Existing,Destination charger,Northern Beaches Council charger,55 Middleton Road,,,,,,,,,,,,,,,,,
Existing,Destination charger,Harbord Diggers charger,88 Evans St,,,,,,,,,,,,,,,,,
Existing,Destination charger,Penrith Nissan charger,2140 Castlereagh Road Penrith NSW 2750,,,,,,,,,,,,,,,,,
Existing,Destination charger,Centrale charger,9-11 Delhi Rd,,,,,,,,,,,,,,,,,
Existing,Destination charger,Macquarie University (1) charger,Macquarie University,,,,,,,,,,,,,,,,,
Existing,Destination charger,Eastern Creek Quarter XL charger,181 Rooty Hill Rd S,,,,,,,,,,,,,,,,,
 Creek NSW 2766,,,,,,,,,,,,,,,,,,,,
Existing,Destination charger,Westfield Chatswood Underground Car Park charger,1 Anderson Street,,,,,,,,,,,,,,,,,
Existing,Destination charger,Armada Bathurst Shopping Centre charger,121 Howick St Bathurst NSW 2795,,,,,,,,,,,,,,,,,
Existing,Destination charger,Eclipse Tower charger,60 Station St E,,,,,,,,,,,,,,,,,
Existing,Destination charger,Camden Council - Oran Park Library Car Park charger,72 Central Ave,,,,,,,,,,,,,,,,,
Existing,Destination charger,Club Parramatta charger,2 Macquarie St,,,,,,,,,,,,,,,,,
Existing,Destination charger,Tumbling Waters Retreat & Restaurant charger,31 Stonehaven Rd,,,,,,,,,,,,,,,,,
Existing,Destination charger,Christison Park - Old South Head Rd charger,773 Old South Head Rd,,,,,,,,,,,,,,,,,
Existing,Destination charger,The Grand Eastlakes Shopping Centre charger,19 Evans Ave,,,,,,,,,,,,,,,,,
Existing,Destination charger,George St - Rockdale - Arc Renewable Group charger,35-37 George St,,,,,,,,,,,,,,,,,
Existing,Destination charger,50 Wiley St Parking charger,50 Wiley St,,,,,,,,,,,,,,,,,
Existing,Destination charger,St Johns Rd Parking charger,75 St Johns Rd,,,,,,,,,,,,,,,,,
Existing,Destination charger,Baird Ave Carpark charger,37-39 Baird Avenue,,,,,,,,,,,,,,,,,
Existing,Destination charger,Google Sydney charger,48 Pirrama Rd,,,,,,,,,,,,,,,,,
Existing,Destination charger,Wilson Parking Market City charger,9-13 Hay St,,,,,,,,,,,,,,,,,
Existing,Destination charger,ICC Sydney Theatre Car Park (Car Park 2) charger,14 Darling Dr,,,,,,,,,,,,,,,,,
Existing,Destination charger,Westfield Bondi Junction - Valet charger,500 Oxford St,,,,,,,,,,,,,,,,,
Existing,Destination charger,55 Pyrmont St Parking charger,55 Pyrmont St,,,,,,,,,,,,,,,,,
Existing,Destination charger,EuropCar charger,39 Herbert St,,,,,,,,,,,,,,,,,
Existing,Destination charger,54 Gordon Cres Kerbside Charger charger,54 Gordon Crescent,,,,,,,,,,,,,,,,,
Existing,Destination charger,Darling Quarter First Parking charger,1/11 Harbour St,,,,,,,,,,,,,,,,,
Existing,Destination charger,First Parking Darling Quarter charger,1/11 Harbour St,,,,,,,,,,,,,,,,,
Existing,Destination charger,Avia Apartments charger,125 Wellsvale Drive Googong,QUEANBEYAN-PALERANG REGIONAL,Googong,2620,-35.42142029,149.2280742,Only for residents of Avia Apartments,,1,1,kW,0,1,0,-35.42142029,,,
Existing,Destination charger,Broulee Brewhouse charger,71 Coronation Dr,,,,,,,,,,,,,,,,,
Existing,Destination charger,SolarHub Batemans Bay charger,1/25 Vesper St,,,,,,,,,,,,,,,,,
Existing,Destination charger,The Isla charger,222 Beach Rd,,,,,,,,,,,,,,,,,
Existing,Destination charger,The Anchorage charger,2 West St,,,,,,,,,,,,,,,,,
Existing,Destination charger,The Cottage Motor Inn charger,Cottage Motor Inn,,,,,,,,,,,,,,,,,
Existing,Destination charger,Sapphire Drive 2 charger,29 Sapphire Coast Drive,BEGA VALLEY,Merimbula,2548,-36.88454259,149.9048447,,EVUp,2,2,kW,0,2,0,-36.88454259,,,
Existing,Fast charger,NRMA - Goulburn charger,53 Sydney Road,,,,,,,,,,,,,,,,,
Existing,Fast charger,ENGIE - Chatswood Chase charger,345 Victoria Avenue,,,,,,,,,,,,,,,,,
Existing,Fast charger,ENGIE - Greenway Wetherill Park charger,1183-1187 The Horsley Drive,,,,,,,,,,,,,,,,,
Existing,Fast charger,BP Marulan Southbound charger,15597 Hume Hwy,,,,,,,,,,,,,,,,,
Existing,Fast charger,bp Nambucca Heads charger,5 Boggy Creek Rd,,,,,,,,,,,,,,,,,
Existing,Fast charger,BP Ashfield charger,586A Parramatta Rd,,,,,,,,,,,,,,,,,
Existing,Fast charger,Mittagong RSL Car Park charger,9 Bessemer St,,,,,,,,,,,,,,,,,
Existing,Fast charger,Dan Murphy's Burwood charger,312 Parramatta Rd,,,,,,,,,,,,,,,,,
Existing,Fast charger,HomeCo. Tuggerah Super Centre charger,Bryant Drive & Wyong Road,,,,,,,,,,,,,,,,,
Existing,Destination charger,Tabulam Sports Ground charger,39 Clarence St,,,,,,,,,,,,,,,,,
Existing,Destination charger,Riptide Wooli charger,48 Main St,,,,,,,,,,,,,,,,,
Existing,Destination charger,Sawtell Motor Inn charger,57 Boronia Street,,,,,,,,,,,,,,,,,
Existing,Destination charger,Spicers Tower Lodge charger,6 Halls Rd,,,,,,,,,,,,,,,,,
Existing,Destination charger,Maitland Riverside Plaza charger,405 High St,,,,,,,,,,,,,,,,,
Existing,Destination charger,University of Newcastle - P6 Carpark charger,The University of Newcastle,,,,,,,,,,,,,,,,,
Existing,Destination charger,Harold Gregson Reserve - Maitland City Council charger,174 High St,,,,,,,,,,,,,,,,,
Existing,Destination charger,Warriewood Square charger,Warriewood Square,,,,,,,,,,,,,,,,,
Existing,Destination charger,Loreto Normanhurst charger,2 Osborn Rd,,,,,,,,,,,,,,,,,
Existing,Destination charger,Chatswood Chase Sydney charger,345 Victoria Ave,,,,,,,,,,,,,,,,,
Existing,Destination charger,Glen Isla Blue Mountains charger,6 The Avenue,,,,,,,,,,,,,,,,,
Existing,Destination charger,Thornleigh Squash and Fitness charger,6 Duffy Ave,,,,,,,,,,,,,,,,,
Existing,Destination charger,Macarthur Centre for Sustainable Living charger,Lot 1 Mount Annan Dr,,,,,,,,,,,,,,,,,
Existing,Destination charger,Parramatta Motor Group Service Centre charger,3 Grand Ave,,,,,,,,,,,,,,,,,
Existing,Destination charger,Oberon Visitor Information Centre charger,48 Ross St,,,,,,,,,,,,,,,,,
Existing,Destination charger,Energy Trade Edmondson Park charger,120 Passendale Rd,,,,,,,,,,,,,,,,,
Existing,Destination charger,Sydney Hybrid & Electric Cars charger,19-26 Durian Pl,,,,,,,,,,,,,,,,,
Existing,Destination charger,BMW Sydney Rushcutters Bay charger,65 Craigend St,,,,,,,,,,,,,,,,,
Existing,Destination charger,Echarging charger,54 Amy street regents park nsw 2143,CUMBERLAND,Regents Park,2143,-33.8843326,151.0276439,,,1,1,kW,1,0,0,-33.8843326,,,
Existing,Destination charger,2 Huntley St Parking charger,2 Huntley Street Alexandria,,,,,,,,,,,,,,,,,
Existing,Destination charger,Brigidine College Wilson Car Park charger,49 St Pauls St,,,,,,,,,,,,,,,,,
Existing,Destination charger,Adina Apartment Hotel Chippendale charger,42 Boundary St,,,,,,,,,,,,,,,,,
Existing,Destination charger,137 Bronte Road Parking charger,137 Bronte Rd,,,,,,,,,,,,,,,,,
Existing,Destination charger,Holiday Inn Sydney Airport charger,154 O'Riordan St.,,,,,,,,,,,,,,,,,
Existing,Destination charger,Park on King charger,338 King St,,,,,,,,,,,,,,,,,
Existing,Destination charger,Bressington Park Carpark charger,Underwood Road opp Dfo Homebush,,,,,,,,,,,,,,,,,
Existing,Destination charger,DFO Homebush (2) charger,3-5 Underwood Rd,,,,,,,,,,,,,,,,,
Existing,Destination charger,Ibis Sydney Airport charger,205 O'Riordan St,,,,,,,,,,,,,,,,,
Existing,Destination charger,Middy's Meadowbank charger,28 Constitution Rd,,,,,,,,,,,,,,,,,
Existing,Destination charger,Church St Car Park Top Ryde charger,21 Church St,,,,,,,,,,,,,,,,,
Existing,Destination charger,Park Apartments charger,15-21 Mindarie St,,,,,,,,,,,,,,,,,
Existing,Destination charger,14 George St Parking charger,14 George St,,,,,,,,,,,,,,,,,
Existing,Destination charger,Joadja Historic Site & Distillery charger,1760 Joadja Rd,,,,,,,,,,,,,,,,,
Existing,Destination charger,Dovecote charger,27 Princes Hwy,,,,,,,,,,,,,,,,,
Existing,Destination charger,Park Central charger,30 Shaban St,,,,,,,,,,,,,,,,,
Existing,Destination charger,Mollymook Seascape Motel charger,22-24 Princes Hwy,,,,,,,,,,,,,,,,,
Existing,Destination charger,Bodalla Dairy Shed & Cheese Factory charger,52 Princes Hwy,,,,,,,,,,,,,,,,,
Existing,Destination charger,Flyfaire Wines charger,1190 Tunnel Rd,,,,,,,,,,,,,,,,,
Existing,Destination charger,Royal Hotel Mandurama charger,14 Olive St,,,,,,,,,,,,,,,,,
Existing,Destination charger,Quality Resort Siesta charger,422 Wagga Rd,,,,,,,,,,,,,,,,,
Existing,Destination charger,Summer Hill Motor Inn charger,24-26 Merimbula Drive Merimbula NSW 2548,,,,,,,,,,,,,,,,,
Existing,Destination charger,The Man From Snowy River Hotel charger,Kosciuszko Rd,,,,,,,,,,,,,,,,,
Existing,Fast charger,NRMA - Sydney charger,4 Defries Avenue,,,,,,,,,,,,,,,,,
Existing,Fast charger,Mirvac South Eveleigh charger,2 Central Avenue,,,,,,,,,,,,,,,,,
Existing,Fast charger,bp Penrith charger,2213 Castlereagh Rd,,,,,,,,,,,,,,,,,
Existing,Fast charger,Murrumbateman Country Inn charger,2 Hercules St,,,,,,,,,,,,,,,,,
Existing,Fast charger,Seven Hills Plaza charger,224 Prospect Hwy,,,,,,,,,,,,,,,,,
Existing,Fast charger,Brewarrina Visitor Information & Exhibition Centre charger,50 Bathurst St,,,,,,,,,,,,,,,,,
Existing,Fast charger,Toronto Commercial Centre Carpark charger,7 Pemell St,,,,,,,,,,,,,,,,,
Existing,Fast charger,Goodwood St Parking charger,110 Anzac Parade,,,,,,,,,,,,,,,,,
Existing,Fast charger,The Farm Byron Bay charger,11 Ewingsdale Rd,,,,,,,,,,,,,,,,,
Existing,Fast charger,Big 4 Holiday Park charger,282 O'Keefes Ln,,,,,,,,,,,,,,,,,
Existing,Destination charger,Baths Motel charger,339 Warialda Street,,,,,,,,,,,,,,,,,
Existing,Destination charger,Seagull Club Tweed Heads charger,54-68 Gollan Drive,,,,,,,,,,,,,,,,,
Existing,Destination charger,Wordsworth St Kerbside charger charger,Wordsworth St,,,,,,,,,,,,,,,,,
Existing,Destination charger,Beach Hotel Resort charger,1 Bay Ln,,,,,,,,,,,,,,,,,
Existing,Destination charger,Hempcrete Cottage Accommodation charger,48 Nashua Rd,,,,,,,,,,,,,,,,,
Existing,Destination charger,Pacific Bay Resort charger,Cnr Pacific Hwy and,,,,,,,,,,,,,,,,,
Existing,Destination charger,Epiq Market Shopping Center charger,5 Snapper Drive,,,,,,,,,,,,,,,,,
Existing,Destination charger,NRMA Port Macquarie Breakwall Holiday Park (2) charger,1 Munster St,,,,,,,,,,,,,,,,,
Existing,Destination charger,Powerhouse Hotel Tamworth by Rydges charger,248 Armidale Rd,,,,,,,,,,,,,,,,,
Existing,Destination charger,Wellington Caves charger,Caves Road,,,,,,,,,,,,,,,,,
Existing,Destination charger,Bannisters charger,147 Soldiers Point Rd,,,,,,,,,,,,,,,,,
Existing,Destination charger,Voco Kirkton Park Hunter Valley charger,336 Oakey Creek Rd,,,,,,,,,,,,,,,,,
Existing,Destination charger,John Hunter Hospital - Pathology Loading Bay charger,Lookout Rd,,,,,,,,,,,,,,,,,
Existing,Destination charger,Mudgee Information Centre charger,84 Market St,,,,,,,,,,,,,,,,,
Existing,Destination charger,Mingara Leisure Group Tumbi Umbi charger,Mingara Dr opp Hansens Rd,,,,,,,,,,,,,,,,,
Existing,Destination charger,Hotel Nelson Tesla Wall Charger charger,3 Government Rd,,,,,,,,,,,,,,,,,
Existing,Destination charger,Blacksmiths Beachside Holiday Park (Cabin 23 Booking Required) charger,30 Gommera St,,,,,,,,,,,,,,,,,
Existing,Destination charger,Hideaway on Curran - BNB Made Easy charger,6 Curran St,,,,,,,,,,,,,,,,,
Existing,Destination charger,Gosford Inn Motel charger,733 Pacific Hwy,,,,,,,,,,,,,,,,,
Existing,Destination charger,Spicers Sangoma Retreat charger,70 Grandview Ln,,,,,,,,,,,,,,,,,
Existing,Destination charger,McDonald's Dural charger,823 Old Northern Rd,,,,,,,,,,,,,,,,,
Existing,Destination charger,North Kellyville - Energy Trade charger,Unit 6/40 Applegum Cres,,,,,,,,,,,,,,,,,
Existing,Destination charger,Eden Gardens charger,307 Lane Cove Rd,,,,,,,,,,,,,,,,,
Existing,Destination charger,The Orchard Apartments charger,5 Citrus Ave,,,,,,,,,,,,,,,,,
Existing,Destination charger,EQ charger,23 Vore St,,,,,,,,,,,,,,,,,
"staff before using""",,2,2,kW,0,2,0,-33.8370396,,,,,,,,,,,,
Existing,Destination charger,86 Arncliffe St Parking charger,86 Arncliffe Street,,,,,,,,,,,,,,,,,
Existing,Destination charger,Cooper Park Community Hall charger,12 Cooper Park Rd,,,,,,,,,,,,,,,,,
Existing,Destination charger,Beauty by Jackie charger,118 Mountview Ave,,,,,,,,,,,,,,,,,
Existing,Destination charger,Transport for NSW - Elsie Street,,,,,,,,,,,,,,,,,,
Existing,Destination charger,North Sydney Council charger,Kelrose Lane,,,,,,,,,,,,,,,,,
Existing,Destination charger,ZINC Apartments charger,30-44 Garden St,,,,,,,,,,,,,,,,,
Existing,Destination charger,Westfield Bondi Junction - P3 Car Park charger,13 Waverley Street,,,,,,,,,,,,,,,,,
Existing,Destination charger,BATES SMART charger,12 Shoreline Dr,,,,,,,,,,,,,,,,,
Existing,Destination charger,UXbridge Consulting,,,,,,,,,,,,,,,,,,
Existing,Destination charger,Sarah Cottier Gallery charger,23 Roylston St,,,,,,,,,,,,,,,,,
Existing,Destination charger,Cammeray Square (2) charger,450-476 Miller St,,,,,,,,,,,,,,,,,
Existing,Destination charger,Innovation Campus - SBRC Building 237 charger,160 Innovation Way,,,,,,,,,,,,,,,,,
Existing,Destination charger,South Coast Retreat charger,121 Greenwell Point Road,,,,,,,,,,,,,,,,,
Existing,Destination charger,Hillview Farmstay charger,3241 Hume Hwy,,,,,,,,,,,,,,,,,
Existing,Destination charger,Lincoln Downs Resort charger,11683 Princes Hwy,,,,,,,,,,,,,,,,,
Existing,Destination charger,Captain’s Quarters Townhouses Bermagui charger,6 George St,,,,,,,,,,,,,,,,,
Existing,Destination charger,Rydges Horizon Snowy Mountains charger,10 Kosciuszko Rd,,,,,,,,,,,,,,,,,
Existing,Fast charger,BP Marulan Northbound charger,8 George St,,,,,,,,,,,,,,,,,
Existing,Fast charger,BP Heatherbrae charger,269 Pacific Hwy,,,,,,,,,,,,,,,,,
Existing,Fast charger,Ampol Foodary Macksville charger,24 Cooper St,,,,,,,,,,,,,,,,,
Existing,Fast charger,Submarine Park charger,7 Prospect St,,,,,,,,,,,,,,,,,
Existing,Fast charger,Bathurst Visitor Information Centre charger,1 Kendall Ave,,,,,,,,,,,,,,,,,
Existing,Fast charger,Grafton Public Library charger,126-144 Pound St,,,,,,,,,,,,,,,,,
Existing,Fast charger,Campbelltown Catholic Club charger,22 Camden Rd,,,,,,,,,,,,,,,,,
Existing,Destination charger,Byron Cove Beach House charger,10 Kendall St,,,,,,,,,,,,,,,,,
Existing,Destination charger,McGuigan BMW charger,140 Hastings River Dr,,,,,,,,,,,,,,,,,
Existing,Destination charger,Lismore Bounty Motel charger,241 Keen St,,,,,,,,,,,,,,,,,
Existing,Destination charger,Ballina Travellers Lodge charger,36-38 Tamar St,,,,,,,,,,,,,,,,,
Existing,Destination charger,Quality Hotel City Centre charger,22 Elizabeth St,,,,,,,,,,,,,,,,,
Existing,Destination charger,SI Clean Energy charger,15 Isles Dr,,,,,,,,,,,,,,,,,
Existing,Destination charger,Heifer Station Wines charger,1034 The Escort Way,,,,,,,,,,,,,,,,,
Existing,Destination charger,Ross Hill Wines charger,134 Wallace Ln,,,,,,,,,,,,,,,,,
Existing,Destination charger,Noonaweena Retreat Centre charger,1442 George Downes Dr,,,,,,,,,,,,,,,,,
Existing,Destination charger,Swansea Lakeside Holiday Park charger,1 Dobinson Dr,,,,,,,,,,,,,,,,,
Existing,Destination charger,Cardiff Executive Apartments charger,49 Macquarie Rd,,,,,,,,,,,,,,,,,
Existing,Destination charger,59 Bridge Street,,,,,,,,,,,,,,,,,,
Existing,Destination charger,Baulkham Hills Sports Club charger,11 Renown Road,,,,,,,,,,,,,,,,,
Existing,Destination charger,McDonald's Kellyville charger,133 Samantha Riley Dr,,,,,,,,,,,,,,,,,
Existing,Destination charger,Hyundai Brookvale Dealership charger,493 Pittwater Rd,,,,,,,,,,,,,,,,,
Existing,Destination charger,Woolworths Head Office charger,1 Woolworths Way,,,,,,,,,,,,,,,,,
Existing,Destination charger,St Ives Shopping Village charger,Shop 135/166 Mona Vale Rd,,,,,,,,,,,,,,,,,
Existing,Destination charger,Falls Mountain Retreat Blue Mountains charger,The Avenue,,,,,,,,,,,,,,,,,
Existing,Destination charger,Thornleigh Squash Centre charger,6 Duffy Ave,,,,,,,,,,,,,,,,,
Existing,Destination charger,NRMA Bathurst Panorama Holiday Park charger,250 Sydney Rd,,,,,,,,,,,,,,,,,
Existing,Destination charger,Dutton Lane Car Park charger,36 Hughes St,,,,,,,,,,,,,,,,,
Existing,Destination charger,Parramatta Rd Homebush charger,42-50 Parramatta Rd,,,,,,,,,,,,,,,,,
Existing,Destination charger,Clocktower charger,5030 Argyle Street,,,,,,,,,,,,,,,,,
Existing,Destination charger,Kiaora Place Shopping Centre - Level 1 charger,1 Kiaora Road,,,,,,,,,,,,,,,,,
Existing,Destination charger,Darling Park - Wilson Parking charger,201 Sussex St,,,,,,,,,,,,,,,,,
Existing,Destination charger,BYD Experience Centre - Sydney charger,46G8+66 Darlinghurst,,,,,,,,,,,,,,,,,
Existing,Destination charger,Woolworths Kirrawee charger,28-34 Flora St,,,,,,,,,,,,,,,,,
Existing,Destination charger,TLE Electrical Artarmon charger,65 Reserve Rd,,,,,,,,,,,,,,,,,
Existing,Destination charger,The Landmark charger,500 Pacific Hwy,,,,,,,,,,,,,,,,,
Existing,Destination charger,Wilson Parking Novotel Sydney Central charger,179 Thomas St,,,,,,,,,,,,,,,,,
Existing,Destination charger,Flick Yallah charger,20-24 Princes Hwy,,,,,,,,,,,,,,,,,
Existing,Destination charger,Seacliff Beach House Airbnb charger,155 Annetts Parade,,,,,,,,,,,,,,,,,
Existing,Destination charger,The Bower at Broulee charger,Kooringal,,,,,,,,,,,,,,,,,
Existing,Destination charger,The Crossing Motel charger,39 Seignior St,,,,,,,,,,,,,,,,,
Existing,Destination charger,Hotel Atura Albury charger,648 Dean St,,,,,,,,,,,,,,,,,
Existing,Destination charger,Sapphire Valley Caravan Park 2 charger,29 Sapphire Coast Drive,BEGA VALLEY,Merimbula,2548,-36.88414355,149.9032944,,EVUp,2,2,kW,0,2,0,-36.88414355,,,
Existing,Fast charger,Ampol Foodary Werrington charger,Cnr Dunheved Rd & Henry Lawson Dr,,,,,,,,,,,,,,,,,
Existing,Fast charger,Hungry Jack's Cabramatta charger,401 Cabramatta Rd W,,,,,,,,,,,,,,,,,
Existing,Fast charger,Hornsby Dural Street Council Carpark charger,1-3 Dural Street,,,,,,,,,,,,,,,,,
Existing,Fast charger,Moppett St Car Park charger,406 Moppett St,,,,,,,,,,,,,,,,,
Existing,Fast charger,Batemans Bay Beach Road charger,2A Beach Rd,,,,,,,,,,,,,,,,,
Existing,Fast charger,Cobar charger,3 Broomfield St,,,,,,,,,,,,,,,,,
Existing,Fast charger,Club Mudgee Car Park charger,99 Mortimer St,,,,,,,,,,,,,,,,,
Existing,Fast charger,Yass Banjo Paterson Park charger,81 Meehan St,,,,,,,,,,,,,,,,,
Existing,Fast charger,Cronulla Station Parking charger,2A Cronulla St,,,,,,,,,,,,,,,,,
Existing,Fast charger,Narooma Supercharger charger,185 Princes Highway,,,,,,,,,,,,,,,,,
Existing,Fast charger,Yass charger,68 Lead St,,,,,,,,,,,,,,,,,
Existing,Fast charger,Broadway Shopping Centre charger,1 Bay St,,,,,,,,,,,,,,,,,
Existing,Fast charger,The Big Banana Fun Park charger,26 Aspect Dr,,,,,,,,,,,,,,,,,
Existing,Destination charger,M-Arts Precinct Murwillumbah charger,105 Wollumbin Street,,,,,,,,,,,,,,,,,
Existing,Destination charger,Fossickers Tourist Park charger,103 Jenkins St,,,,,,,,,,,,,,,,,
Existing,Destination charger,Ballina Homestead Motel charger,95 Cherry St,,,,,,,,,,,,,,,,,
Existing,Destination charger,The Observatory Holiday Apartments charger,30-36 Camperdown St,,,,,,,,,,,,,,,,,
Existing,Destination charger,Coles Huntlee charger,22 Empire St,,,,,,,,,,,,,,,,,
Existing,Destination charger,Spicer's Guesthouse charger,Ekerts Rd,,,,,,,,,,,,,,,,,
Existing,Destination charger,Hanging Tree Wines charger,294 O'Connors Road,,,,,,,,,,,,,,,,,
Existing,Destination charger,University of Newcastle - P4 Carpark charger,The University of Newcastle,,,,,,,,,,,,,,,,,
Existing,Destination charger,Town Square Motel & Metropolitan Hotel charger,246 Anson St,,,,,,,,,,,,,,,,,
Existing,Destination charger,NRMA Myall Shores Holiday Park (2) charger,Myall Shores,,,,,,,,,,,,,,,,,
Existing,Destination charger,NRMA Myall Shores Holiday Park (1) charger,Myall Shores,,,,,,,,,,,,,,,,,
Existing,Destination charger,Hawks Nest charger,94 Booner St,,,,,,,,,,,,,,,,,
Existing,Destination charger,Fenwick's Marina charger,31-33 Brooklyn Rd,,,,,,,,,,,,,,,,,
Existing,Destination charger,Scenic World charger,Corner Violet Street & Cliff Drive Katoomba New South Wales 2780,,,,,,,,,,,,,,,,,
Existing,Destination charger,CSR House - Schofields charger,Schofields NSW 2762,,,,,,,,,,,,,,,,,
Existing,Destination charger,Alchemy Charge charger,230 Harbord Rd,,,,,,,,,,,,,,,,,
Existing,Destination charger,Blacktown Workers Club car park charger,55 Campbell St,,,,,,,,,,,,,,,,,
Existing,Destination charger,Schofields Gardens - Breynia charger,37 Manchester Dr,,,,,,,,,,,,,,,,,
Existing,Destination charger,Arc Renewable Group Maxwell Reissis charger,18 Waitara Ave,,,,,,,,,,,,,,,,,
Existing,Destination charger,Col Crawford BMW charger,485 Pittwater Rd,,,,,,,,,,,,,,,,,
Existing,Destination charger,Stanhope Village Shopping Centre (1) charger,2 Sentry Dr,,,,,,,,,,,,,,,,,
Existing,Destination charger,Park&Ride - Leppington charger,187 Rickard Road,,,,,,,,,,,,,,,,,
Existing,Destination charger,Royal Motor Yacht Club Port Hacking charger,228-232 Woolooware Rd,,,,,,,,,,,,,,,,,
Existing,Destination charger,Bexley North Hotel charger,187 Slade Rd,,,,,,,,,,,,,,,,,
Existing,Destination charger,66 Queens Park Road Parking charger,66 Queens Park Rd,,,,,,,,,,,,,,,,,
Existing,Destination charger,"514	Randwick Community Centre - Munda St charger",27 Munda Street,,,,,,,,,,,,,,,,,
Existing,Destination charger,NSW Nurses and Midwives' Association charger,50 O'Dea Ave,,,,,,,,,,,,,,,,,
Existing,Destination charger,Dalgety Square Apartments charger,99 Jones St,,,,,,,,,,,,,,,,,
Existing,Destination charger,177 Glenayr Ave Parking charger,177 Glenayr Ave,,,,,,,,,,,,,,,,,
Existing,Destination charger,150 - 152 Mount St Parking charger,150-152 Mount St,,,,,,,,,,,,,,,,,
Existing,Destination charger,Marrickville Metro Shopping Centre (1) charger,45 Edinburgh Rd,,,,,,,,,,,,,,,,,
Existing,Destination charger,24 Nicholson St Parking charger,24 Nicholson St,,,,,,,,,,,,,,,,,
Existing,Destination charger,Hume St Carpark charger,44 Hume St,,,,,,,,,,,,,,,,,
Existing,Destination charger,2 Kullah Parade Parking charger,2 Kullah Parade,,,,,,,,,,,,,,,,,
Existing,Destination charger,North Shore BMW charger,676 Pacific Hwy,,,,,,,,,,,,,,,,,
Existing,Destination charger,Little St Carpark (2) charger,2 Little St,,,,,,,,,,,,,,,,,
Existing,Destination charger,Buckaroo Leatherworks charger,16 Bellambi Ln,,,,,,,,,,,,,,,,,
Existing,Destination charger,Novotel Wollongong Northbeach charger,2-14 Cliff Rd,,,,,,,,,,,,,,,,,
Existing,Destination charger,Lyrebirds Nest Camping charger,91 Koolilabah Ln,,,,,,,,,,,,,,,,,
Existing,Destination charger,Goulburn Visitor Information Centre (2) charger,201 Sloane St,,,,,,,,,,,,,,,,,
"day).""",,1,1,7.6 kW,0,1,0,-34.756126,,,,,,,,,,,,
Existing,Destination charger,Woolworths Bomaderry charger,320 Princes Hwy,,,,,,,,,,,,,,,,,
Existing,Destination charger,Bannisters by the Sea charger,191 Mitchell Parade,,,,,,,,,,,,,,,,,
Existing,Destination charger,Howlong Golf Resort charger,186 Golf Club Dr,,,,,,,,,,,,,,,,,
Existing,Destination charger,Middy's Merimbula charger,202 Arthur Kaine Dr,,,,,,,,,,,,,,,,,
Existing,Destination charger,Tathra Beach House Apartments charger,17 John Taylor Cres,,,,,,,,,,,,,,,,,
Existing,Destination charger,Bermagui Fishermen's Wharf charger,Shop 10/73-79 Lamont St,,,,,,,,,,,,,,,,,
Existing,Destination charger,EV Up Charging Station charger,Sapphire Valley Cvan Park,,,,,,,,,,,,,,,,,
Existing,Fast charger,NRMA - Port Macquarie charger,1067 Oxley Highway,,,,,,,,,,,,,,,,,
Existing,Fast charger,The Heffron Centre charger,439 Bunnerong Road,,,,,,,,,,,,,,,,,
Existing,Fast charger,ENGIE - Roselands Shopping Centre charger,24 Roselands Drive,,,,,,,,,,,,,,,,,
Existing,Fast charger,Ampol Foodary Glenbrook charger,78 Great Western Hwy,,,,,,,,,,,,,,,,,
Existing,Fast charger,BP Fairy Meadow charger,Northgate Ctr,,,,,,,,,,,,,,,,,
Existing,Fast charger,Dandaloo St Parking Lot charger,18 Dandaloo St,,,,,,,,,,,,,,,,,
Existing,Fast charger,Western Plains Cultural Centre charger,76 Wingewarra St,,,,,,,,,,,,,,,,,
Existing,Fast charger,Berry Bowling Club charger,140 Queen St,,,,,,,,,,,,,,,,,
Existing,Fast charger,Mona Vale Library Car Park charger,1 Park St,,,,,,,,,,,,,,,,,
Existing,Fast charger,South Village charger,580 Princes Highway,,,,,,,,,,,,,,,,,
Existing,Fast charger,Tweed Mall Shopping Centre charger,1 Wharf Street,,,,,,,,,,,,,,,,,
Existing,Destination charger,Mackellar Motel charger,342 Conadilly St,,,,,,,,,,,,,,,,,
Existing,Destination charger,The Golden Dog Hotel charger,57-59 Coramba St,,,,,,,,,,,,,,,,,
Existing,Destination charger,Bent St Parking charger,22 Bent St,,,,,,,,,,,,,,,,,
Existing,Destination charger,Rydges Port Macquarie charger,1 Hay St,,,,,,,,,,,,,,,,,
Existing,Destination charger,Port Central charger,40-42 Horton Street,,,,,,,,,,,,,,,,,
"Holidays""",Saascharge International GmbH,1,2,22 kW,0,2,0,-31.429863,,,,,,,,,,,,
Existing,Destination charger,Stockland Jesmond charger,28 Blue Gum Rd,,,,,,,,,,,,,,,,,
Existing,Destination charger,Akuna Motor Inn & Apartments charger,109 Whylandra St,,,,,,,,,,,,,,,,,
Existing,Destination charger,MidCoast Council charger,2 Biripi Way Taree 2430,MID-COAST,Taree South,2430,-31.934134,152.464976,Open 24/7,,2,2,22 kW,0,2,0,-31.934134,,,
Existing,Destination charger,Crowne Plaza Hunter Valley charger,430 Wine Country Dr,,,,,,,,,,,,,,,,,
Existing,Destination charger,Stockland Greenhills (2) charger,1 Molly Morgan Dr,,,,,,,,,,,,,,,,,
Existing,Destination charger,Crowne Plaza Hawkesbury Valley charger,61 Hawkesbury Valley Way,,,,,,,,,,,,,,,,,
Existing,Destination charger,Littomore Kingswood Hotel charger,10 Hargrave St,,,,,,,,,,,,,,,,,
Existing,Destination charger,Macquarie University (2) charger,Balaclava Rd,,,,,,,,,,,,,,,,,
Existing,Destination charger,Energy Trade charger,9 Terry Rd,,,,,,,,,,,,,,,,,
Existing,Destination charger,Manly Pacific Hotel - MGallery Collection charger,55 N Steyne,,,,,,,,,,,,,,,,,
Existing,Destination charger,Hornsby BMW charger,64 B83,,,,,,,,,,,,,,,,,
Existing,Destination charger,mycar Tyre & Auto Brookvale charger,Corner of Green Street & Cross Street,,,,,,,,,,,,,,,,,
Existing,Destination charger,Schofield Gardens - 125 Jerralong Dr charger,125 Jerralong Dr,,,,,,,,,,,,,,,,,
Existing,Destination charger,Bow Charging - Kings Park charger,4 Nicobar St,,,,,,,,,,,,,,,,,
Existing,Destination charger,Oran Park Podium charger,351 Oran Park Dr,,,,,,,,,,,,,,,,,
Existing,Destination charger,Parramatta Station Car Park charger,17 Wentworth St,,,,,,,,,,,,,,,,,
Existing,Destination charger,Oberon RSL charger,Cnr Dudley &,,,,,,,,,,,,,,,,,
Existing,Destination charger,Australia Wide Solar charger,17 Lorraine Street,,,,,,,,,,,,,,,,,
Existing,Destination charger,46 Dutruc St Parking charger,46 Dutruc St,,,,,,,,,,,,,,,,,
Existing,Destination charger,Regatta Wharf charger,239 Vardys Rd,,,,,,,,,,,,,,,,,
Existing,Destination charger,Crowne Plaza Coogee charger,242 Arden St,,,,,,,,,,,,,,,,,
Existing,Destination charger,Club Central Hurstville & Travelodge Hotel charger,2 Crofts Ave,,,,,,,,,,,,,,,,,
Existing,Destination charger,Randwick Junction - Silver St Carpark charger,18 Silver St,,,,,,,,,,,,,,,,,
Existing,Destination charger,Secure Parking No 1 Martin Place Carpark charger,165 Pitt St,,,,,,,,,,,,,,,,,
Existing,Destination charger,World Square - Rydges charger,389 Pitt St Sydney NSW 2000,,,,,,,,,,,,,,,,,
Existing,Destination charger,Grosvenor Place (2) charger,225 George St,,,,,,,,,,,,,,,,,
Existing,Destination charger,Joadja Distillery charger,1714–1720 Joadja Road,,,,,,,,,,,,,,,,,
Existing,Destination charger,Stockland Shellharbour (2) charger,211 Lake Entrance Rd,,,,,,,,,,,,,,,,,
Existing,Destination charger,Bannisters Pavilion charger,87 Tallwood Avenue,,,,,,,,,,,,,,,,,
Existing,Destination charger,Sea Dragon Accomodation Mollymook Airbnb charger,32 Ilett St,,,,,,,,,,,,,,,,,
Existing,Destination charger,The Lodge Broulee Motel charger,18 Imlay St,,,,,,,,,,,,,,,,,
Existing,Destination charger,Thredbo Alpine Hotel charger,89 Mowamba Pl,,,,,,,,,,,,,,,,,
Existing,Destination charger,Grenfell Aquatic Centre charger,Forbes St & Melyra Street,,,,,,,,,,,,,,,,,
Existing,Destination charger,Tathra Beach Eco Camp charger,Tathra Beach Eco Camp,,,,,,,,,,,,,,,,,
Existing,Destination charger,Seaton Arms Motor Inn charger,600 Olive St,,,,,,,,,,,,,,,,,
Existing,Destination charger,Lieschke Motors Walla Walla charger,63 Commercial St,,,,,,,,,,,,,,,,,
Existing,Destination charger,NRMA Jindabyne Holiday Park (1) charger,6 Kosciuszko Rd,,,,,,,,,,,,,,,,,
Existing,Fast charger,Byron Bay Library charger,Lawson Street,,,,,,,,,,,,,,,,,
Existing,Fast charger,BP Sydenham charger,339 Princes Hwy,,,,,,,,,,,,,,,,,
Existing,Fast charger,Ampol Tarcutta charger,32 Sydney St,,,,,,,,,,,,,,,,,
Existing,Fast charger,HomeCo. Warners Bay charger,240 Hillsborough Rd,,,,,,,,,,,,,,,,,
Existing,Fast charger,Batemans Bay Regional Arts Aquatic & Leisure Centre charger,12 Vesper St,,,,,,,,,,,,,,,,,
Existing,Fast charger,Treacy St Parking charger,Treacy St,,,,,,,,,,,,,,,,,
Existing,Fast charger,Sydney Olympic Park charger,9 Murray Rose Ave,,,,,,,,,,,,,,,,,
Existing,Fast charger,Beecroft Village Plaza charger,107 Beecroft Rd,,,,,,,,,,,,,,,,,
Existing,Fast charger,Lancaster Motor Group- open now (station #1283) charger,1 Waddell's Lane Singleton NSW 2330,SINGLETON,Singleton,2330,-32.57696806,151.1841952,Monday - Friday 7:30am - 5:30pm Saturday- 9am - 4pm Sunday - Closed,Everty,1,2,100 kW,0,2,0,-32.57696806,,,
Existing,Destination charger,Tweed Heads Vegas Motel (1) charger,123 Wharf St,,,,,,,,,,,,,,,,,
Existing,Destination charger,Jonson St charger,139 Jonson St Byron Bay,BYRON,Byron Bay,2481,-28.65013445,153.6136172,Open 24/7,,2,2,kW,0,2,0,-28.65013445,,,
Existing,Destination charger,RSM Club Casino charger,162 Canterbury St,,,,,,,,,,,,,,,,,
Existing,Destination charger,Glen Innes Motel charger,12-18 Church Street,,,,,,,,,,,,,,,,,
Existing,Destination charger,Club Maclean Motel charger,1a McLachlan St,,,,,,,,,,,,,,,,,
Existing,Destination charger,Pullman Magenta Shores Resort charger,1 1 Magenta Drive Magenta New South Wales NSW 2261,CENTRAL COAST,Magenta,2261,-33.310777,151.523212,,Tesla Destination,1,1,11 kW,1,0,0,-33.310777,,,
Existing,Destination charger,Petersons Wines charger,6 Blacksprings Road,,,,,,,,,,,,,,,,,
Existing,Destination charger,Ibis Styles Hotel charger,315 Central Coast Hwy,,,,,,,,,,,,,,,,,
Existing,Destination charger,Genesis Health and Fitness Thornton charger,7 Poynton Pl,,,,,,,,,,,,,,,,,
Existing,Destination charger,Ingenia Middle Rock charger,554 Gan Gan Rd,,,,,,,,,,,,,,,,,
Existing,Destination charger,Tyrrell's Wines charger,1838 Broke Rd,,,,,,,,,,,,,,,,,
Existing,Destination charger,Sapphire Palms Motel charger,180 the entrance road the entrance NSW 2261,CENTRAL COAST,The Entrance,2261,-33.3502847,151.4927751,,,1,2,kW,0,2,0,-33.3502847,,,
Existing,Destination charger,Waratah Sports Club charger,34 Telopea Way,,,,,,,,,,,,,,,,,
Existing,Destination charger,Newcastle Airport - Premium Covered Carpark charger,Newcastle Airport,,,,,,,,,,,,,,,,,
Existing,Destination charger,Mudgee Art Precinct Cultural Workshop charger,2-6 Douro St,,,,,,,,,,,,,,,,,
Existing,Destination charger,Thrive Medical charger,170 Crystal St,,,,,,,,,,,,,,,,,
Existing,Destination charger,Western Sydney Conference Centre charger,83 Mulgoa Rd,,,,,,,,,,,,,,,,,
Existing,Destination charger,Penrith Solar Centre charger,130a Batt Street,,,,,,,,,,,,,,,,,
Existing,Destination charger,4 West Promenade Parking charger,4 West Promenade,,,,,,,,,,,,,,,,,
Existing,Destination charger,Subaru Penrith (Service) charger,2 Cassola Pl,,,,,,,,,,,,,,,,,
Existing,Destination charger,2 Sentry Drive Parking charger,2 Sentry Drive,,,,,,,,,,,,,,,,,
Existing,Destination charger,Abercrombie House charger,311 Ophir Rd,,,,,,,,,,,,,,,,,
Existing,Destination charger,176 Sutherland St Parking charger,176 Sutherland St,,,,,,,,,,,,,,,,,
Existing,Destination charger,Origin Energy Barangaroo Office charger,100 Barangaroo Ave,,,,,,,,,,,,,,,,,
Existing,Destination charger,UKO Alexandria charger,5 Ralph St,,,,,,,,,,,,,,,,,
Existing,Destination charger,Pier One Sydney Harbour charger,11 Hickson Rd,,,,,,,,,,,,,,,,,
Existing,Destination charger,UTS Building 10 - InterPark Thomas Street charger,25 Thomas St,,,,,,,,,,,,,,,,,
Existing,Destination charger,ICC Sydney Exhibition Centre Car Park (Car Park 1) charger,14 Darling Dr,,,,,,,,,,,,,,,,,
Existing,Destination charger,Westfield Bondi Junction - Car Park P4 (Valet) charger,500 Oxford St,,,,,,,,,,,,,,,,,
Existing,Destination charger,Sheraton Grand Sydney Hyde Park (1) charger,161 Elizabeth St,,,,,,,,,,,,,,,,,
Existing,Destination charger,Grosvenor Place - Wilson Parking (7 Essex St) charger,225 George Street,,,,,,,,,,,,,,,,,
Existing,Destination charger,Melrose Park - Wharf charger,2B Wharf Road,,,,,,,,,,,,,,,,,
Existing,Destination charger,Mitsubishi Motors Training Facilities,,,,,,,,,,,,,,,,,,
Existing,Destination charger,Collins Aerospace charger,Unit 14/12 Mars Rd,,,,,,,,,,,,,,,,,
Existing,Destination charger,Beachside Husky Waterfront Cabin charger,9 Beach St,,,,,,,,,,,,,,,,,
Existing,Destination charger,The Silos Estate (2) charger,640 Princes Hwy,,,,,,,,,,,,,,,,,
Existing,Destination charger,home charger charger,12 wells street gerringong,KIAMA,Gerringong,2534,-34.7484615,150.8179868,7am to 9pm,,1,1,kW,0,1,0,-34.7484615,,,
Existing,Destination charger,Lake George Winery charger,Lake George Winery,,,,,,,,,,,,,,,,,
Existing,Destination charger,Bailey's Garage charger,86-88 Yass St,,,,,,,,,,,,,,,,,
Existing,Destination charger,Deniliquin RSL Club charger,72 End St,,,,,,,,,,,,,,,,,
Existing,Destination charger,Ganmain Craft Cottage charger,76 Ford St,,,,,,,,,,,,,,,,,
Existing,Destination charger,Sapphire Valley Caravan Park charger,29 Sapphire Coast Dr,,,,,,,,,,,,,,,,,
Existing,Fast charger,Lismore City Council charger,44 Molesworth Street,,,,,,,,,,,,,,,,,
Existing,Fast charger,BP Ingleburn charger,89 Williamson Road,,,,,,,,,,,,,,,,,
Existing,Fast charger,BP Rosehill charger,113 Hassall St,,,,,,,,,,,,,,,,,
Existing,Fast charger,Casula Mall charger,1 Ingham Dr,,,,,,,,,,,,,,,,,
Existing,Fast charger,The Canopy Lane Cove charger,2 Rosenthal Ave,,,,,,,,,,,,,,,,,
Existing,Fast charger,10 Elizabeth St Carpark charger,10 Elizabeth St,,,,,,,,,,,,,,,,,
Existing,Fast charger,Winbourne Rd Parking charger,87 Winbourne Rd,,,,,,,,,,,,,,,,,
Existing,Fast charger,Cook St Parking charger,22 Cook st,,,,,,,,,,,,,,,,,
Existing,Fast charger,Ocean St,,,,,,,,,,,,,,,,,,
Existing,Fast charger,JOLT Gardeners Road charger,904 Gardeners Rd,,,,,,,,,,,,,,,,,
Existing,Fast charger,NRMA - Gilgandra (Museum and Historical Society) charger,6 Castlereagh St Gilgandra NSW 2827,GILGANDRA,Gilgandra,2827,-31.7223908,148.6571378,,NRMA,2,4,75 kW,2,2,0,-31.7223908,,,
Existing,Fast charger,7 Irvine Place Building charger,7 Irvine Place,,,,,,,,,,,,,,,,,
Existing,Fast charger,Oliver's Gundagai (2) charger,31 Annie Pyers Dr,,,,,,,,,,,,,,,,,
Existing,Destination charger,Hotel Marvell charger,4 Marvell St,,,,,,,,,,,,,,,,,
Existing,Destination charger,Byron Bay Wildlife Sanctuary (2) charger,1699 Pacific Highway Knockrow New South Wales 2479,,,,,,,,,,,,,,,,,
Existing,Destination charger,Northpoint Holiday Apartments charger,2 Murray Street,,,,,,,,,,,,,,,,,
Existing,Destination charger,Portman House charger,205 Kelly St,,,,,,,,,,,,,,,,,
Existing,Destination charger,Maitland Hospital charger,41 Metford Rd,,,,,,,,,,,,,,,,,
Existing,Destination charger,Hunter Valley - Ingenia Holidays charger,137 Mount View Rd,,,,,,,,,,,,,,,,,
Existing,Destination charger,Orana Motel charger,95 Cobra St,,,,,,,,,,,,,,,,,
Existing,Destination charger,NRMA Dubbo City Holiday Park (1) charger,18 Alfred street,,,,,,,,,,,,,,,,,
Existing,Destination charger,Nissan Gosford charger,1 Racecourse Rd,,,,,,,,,,,,,,,,,
Existing,Destination charger,The Quays Marina charger,1856 Pittwater Rd,,,,,,,,,,,,,,,,,
Existing,Destination charger,13 Kalinya St Parking charger,13 Kalinya St,,,,,,,,,,,,,,,,,
Existing,Destination charger,The Ponds Shopping Centre charger,45 Riverbank Dr,,,,,,,,,,,,,,,,,
Existing,Destination charger,The Hills Lodge charger,1 Salisbury Rd,,,,,,,,,,,,,,,,,
Existing,Destination charger,Schofield Gardens - 129A Jerralong Dr charger,129A Jerralong Dr,,,,,,,,,,,,,,,,,
Existing,Destination charger,Stanhope Village Shopping Centre (2) charger,2 Sentry Dr,,,,,,,,,,,,,,,,,
Existing,Destination charger,Willowdale Shopping Centre charger,5 Willowdale Drive,,,,,,,,,,,,,,,,,
Existing,Destination charger,Mobility Masters Australia charger,1 Nursery Rd,,,,,,,,,,,,,,,,,
Existing,Destination charger,Hartley Green Power charger,22 Coxs River Rd,,,,,,,,,,,,,,,,,
Existing,Destination charger,Charles St & Robert St Parking charger,10B Charles St,,,,,,,,,,,,,,,,,
Existing,Destination charger,4 Railway Parade Parking charger,4 Railway Parade,,,,,,,,,,,,,,,,,
Existing,Destination charger,22A Cloverlly Rd Parking charger,22A Clovelly Rd,,,,,,,,,,,,,,,,,
Existing,Destination charger,Bexley ARC Energy Group charger,8 Stoney Creek Rd,,,,,,,,,,,,,,,,,
Existing,Destination charger,1 Reina St Parking charger,1 Reina St,,,,,,,,,,,,,,,,,
Existing,Destination charger,mycar Tyre & Auto Pagewood Eastgardens charger,Eastgardens Shopping Centre,,,,,,,,,,,,,,,,,
Existing,Destination charger,388 Edgecliff Rd Parking charger,388 Edgecliff Rd,,,,,,,,,,,,,,,,,
Existing,Destination charger,100 Mount St - Dexus charger,100 Mount St,,,,,,,,,,,,,,,,,
Existing,Destination charger,Queen Victoria Building - Valet Parking charger,111 York Street,,,,,,,,,,,,,,,,,
Existing,Destination charger,Hilton Sydney charger,255 Pitt St,,,,,,,,,,,,,,,,,
Existing,Destination charger,Sydney Exhibition Centre charger,1 Showground Rd,,,,,,,,,,,,,,,,,
Existing,Destination charger,Equinix SY6 charger,8 Egerton St,,,,,,,,,,,,,,,,,
Existing,Destination charger,Taronga Zoo Sydney (2) charger,1 Bradleys Head Rd,,,,,,,,,,,,,,,,,
Existing,Destination charger,72 Christie St Parking charger,72 Christie St,,,,,,,,,,,,,,,,,
Existing,Destination charger,Porsche Centre Willoughby charger,445 Willoughby Rd,,,,,,,,,,,,,,,,,
Existing,Destination charger,Wallaroo Wines charger,Wallaroo Wines 196 Brooklands Rd Wallaroo 2618,YASS VALLEY,Wallaroo,2618,-35.15356778,148.9827473,9 am to 9 pm,,1,1,kW,1,0,0,-35.15356778,,,
Existing,Destination charger,Rich River Golf Club charger,Twenty Four Lane,,,,,,,,,,,,,,,,,
Existing,Fast charger,Genesis Health Care charger,38 Camden Road,,,,,,,,,,,,,,,,,
Existing,Fast charger,bp Beresfield charger,Lot 201 John Renshaw Drive Lot 201,,,,,,,,,,,,,,,,,
Existing,Fast charger,Dan Murphy's Batemans Bay charger,51/53A Orient St,,,,,,,,,,,,,,,,,
Existing,Fast charger,Dowling St Parking charger,30 Dowling Street,,,,,,,,,,,,,,,,,
Existing,Fast charger,Glen Innes Town Hall charger,265 Grey St,,,,,,,,,,,,,,,,,
Existing,Fast charger,Braidwood Servicemens Club & Golf Course charger,15 Victory St,,,,,,,,,,,,,,,,,
Existing,Fast charger,Innovation Campus - SBRC Building 237 charger,160 Innovation Way,,,,,,,,,,,,,,,,,
Existing,Destination charger,Glen Innes Visitor Information Centre charger,152 Church St,,,,,,,,,,,,,,,,,
Existing,Destination charger,Nambucca Plaza Shopping Centre charger,2191 Giinagay Way,,,,,,,,,,,,,,,,,
Existing,Destination charger,NRMA Port Macquarie Breakwall Holiday Park (1) charger,1 Munster St,,,,,,,,,,,,,,,,,
Existing,Destination charger,Wild Edge Retreat charger,260 Craft Rd,,,,,,,,,,,,,,,,,
Existing,Destination charger,Wyong Nissan charger,37 Amsterdam Circuit North,,,,,,,,,,,,,,,,,
Existing,Destination charger,Adina Vineyard & Olive Grove charger,492 Lovedale Rd,,,,,,,,,,,,,,,,,
Existing,Destination charger,The Executive Inn charger,10 Rugby Rd,,,,,,,,,,,,,,,,,
Existing,Destination charger,Potters Hotel charger,2/9 Fleming street,,,,,,,,,,,,,,,,,
Existing,Destination charger,No 2 Sportsground Park charger,Smith St,,,,,,,,,,,,,,,,,
Existing,Destination charger,Forster Holiday Village charger,5 Middle St,,,,,,,,,,,,,,,,,
Existing,Destination charger,Hunt Hospitality - Imperial Hotel charger,458 High Street,,,,,,,,,,,,,,,,,
Existing,Destination charger,Great Northern Trading Post charger,3718 Great North Road Laguna NSW,CESSNOCK,Laguna,2325,-32.990301,151.13074,Generally 07:00 till 17:00 7 days,,1,1,kW,1,0,0,-32.990301,,,
Existing,Destination charger,McNamara Lane - BNB Made Easy charger,18 McNamara St Orange NSW 2800,ORANGE,Orange,2800,-33.2868761,149.1018907,,,1,1,kW,0,1,0,-33.2868761,,,
Existing,Destination charger,mycar Tyre & Auto Seven Hills charger,234-236 Prospect Hwy,,,,,,,,,,,,,,,,,
Existing,Destination charger,Optus charger,1 Lyonpark Rd,,,,,,,,,,,,,,,,,
Existing,Destination charger,Rowe St (East) Car Park charger,53-71 Rowe St,,,,,,,,,,,,,,,,,
Existing,Destination charger,Blacktown Westpoint Shopping Centre (2) charger,17 Patrick St,,,,,,,,,,,,,,,,,
Existing,Destination charger,Stockland Balgowlah (2) charger,197-215 Condamine St,,,,,,,,,,,,,,,,,
Existing,Destination charger,The Performance Elements charger,Blackbutts Rd,,,,,,,,,,,,,,,,,
Existing,Destination charger,Interchange Park Goodman Office charger,27 Interchange Dr,,,,,,,,,,,,,,,,,
Existing,Destination charger,Holiday Inn Parramatta charger,18-40 Anderson St Parramatta,CITY OF PARRAMATTA,Parramatta,2150,-33.82087752,151.0055028,Open 24/7,,2,2,kW,0,2,0,-33.82087752,,,
Existing,Destination charger,Meriton Suites George Street,,,,,,,,,,,,,,,,,,
Existing,Destination charger,Addi Road Gumbramorra Hall charger,41a/142 Addison Rd,,,,,,,,,,,,,,,,,
Existing,Destination charger,Sydney Football Stadium charger,44 Driver Ave,,,,,,,,,,,,,,,,,
Existing,Destination charger,Five Ways - Goodhope St charger,20 Goodhope Street,,,,,,,,,,,,,,,,,
Existing,Destination charger,Airia Private Residents Only charger,6b Grandstand Parade Zetland 2019,SYDNEY,Zetland,2017,-33.9065772,151.2095191,Open 24/7,,2,3,kW,2,1,0,-33.9065772,,,
Existing,Destination charger,Orchid Apartments Meriton charger,2 Finch Drive,,,,,,,,,,,,,,,,,
Existing,Destination charger,the Horizon charger,184 Forbes Street,,,,,,,,,,,,,,,,,
Existing,Destination charger,Oasis Peakhurst Carpark charger,64 Stanley St,,,,,,,,,,,,,,,,,
Existing,Destination charger,Rydges Sydney Central charger,28 Albion St,,,,,,,,,,,,,,,,,
Existing,Destination charger,Sydney Markets charger,Stand B 134 Sydney Markets,,,,,,,,,,,,,,,,,
Existing,Destination charger,Holtermann St Carpark charger,29 Holtermann St,,,,,,,,,,,,,,,,,
Existing,Destination charger,Rosemont charger,80 Hume Ln,,,,,,,,,,,,,,,,,
Existing,Destination charger,Albert Avenue Public Car Park charger,83 Albert Ave Chatswood NSW 2067,,,,,,,,,,,,,,,,,
Existing,Destination charger,Wollongong Council - Administration Building charger,41 Burelli St,,,,,,,,,,,,,,,,,
Existing,Destination charger,Basha's Floors & Blinds Pty Ltd charger,63 Graham St,,,,,,,,,,,,,,,,,
Existing,Destination charger,Mountain Ridge Wines charger,11 Coolangatta Rd,,,,,,,,,,,,,,,,,
Existing,Destination charger,Kiama Community Charger charger,19 Farmer St,,,,,,,,,,,,,,,,,
Existing,Destination charger,The Place @ Warrawong Plaza charger,Warrawong Plaza,,,,,,,,,,,,,,,,,
Existing,Destination charger,GRAHAM and FIN's charger charger,6 Webber Place,,,,,,,,,,,,,,,,,
Existing,Destination charger,Country Club Deniliquin charger,68-72 Crispe Street DENILIQUIN ,,,,,,,,,,,,,,,,,
Existing,Destination charger,Quest Albury charger,550 Kiewa St,,,,,,,,,,,,,,,,,
Existing,Destination charger,520 David St Car Park charger,520 David St,,,,,,,,,,,,,,,,,
Existing,Destination charger,Tasman Holiday Parks - Merimbula charger,29 Sapphire Coast Dr,,,,,,,,,,,,,,,,,
Existing,Fast charger,Ampol Lakemba charger,81 Wangee Rd,,,,,,,,,,,,,,,,,
Existing,Fast charger,Marrickville Metro Shopping Centre charger,34 Victoria Rd,,,,,,,,,,,,,,,,,
Existing,Fast charger,Moama Bowling Club charger,7 Blair St,,,,,,,,,,,,,,,,,
Existing,Fast charger,Beauchamp Rd Parking charger,151 Beauchamp Rd,,,,,,,,,,,,,,,,,
Existing,Fast charger,Motor Traders' Association of New South Wales charger,214 Parramatta Rd,,,,,,,,,,,,,,,,,
Existing,Fast charger,Crossroads Hotel (1) charger,2260 Camden Valley Wy,,,,,,,,,,,,,,,,,
Existing,Fast charger,JOLT The Ettamogah charger,15 Merriville Rd,,,,,,,,,,,,,,,,,
Existing,Fast charger,Heatherbrae's Pies Exeter charger,24 Sallys Corner Rd,,,,,,,,,,,,,,,,,
Existing,Destination charger,The Sebel Twin Towns Coolangatta charger,Corner Of Griffith And,,,,,,,,,,,,,,,,,
Existing,Destination charger,Econo Lodge Moree Spa Motor Inn charger,21 Alice St,,,,,,,,,,,,,,,,,
Existing,Destination charger,Altitude 261 charger,261 Settlement Rd Main Arm NSW 2482,BYRON,Main Arm,2482,-28.5218823,153.4181786,,,1,1,kW,1,0,0,-28.5218823,,,
Existing,Destination charger,Koala Tree Motel charger,179 Gordon St,,,,,,,,,,,,,,,,,
Existing,Destination charger,Ana Mandara Luxury Bed & Breakfast charger,152 Settlement Point Rd,,,,,,,,,,,,,,,,,
Existing,Destination charger,North Coast Power and Water charger,13-14 Gdt Seccombe Cl,,,,,,,,,,,,,,,,,
Existing,Destination charger,Ginger Holiday Accommodation charger,20 Eleventh Avenue Sawtell 2452,COFFS HARBOUR,Sawtell,2452,-30.3639414,153.0992948,9:00 am to 5:00 pm,,1,1,kW,0,1,0,-30.3639414,,,
Existing,Destination charger,Essential Energy charger,8 Buller St,,,,,,,,,,,,,,,,,
Existing,Destination charger,Mandarin Motel charger,24 Princess St,,,,,,,,,,,,,,,,,
Existing,Destination charger,Spicers Hunter Valley charger,555 Hermitage Rd,,,,,,,,,,,,,,,,,
Existing,Destination charger,The Zin House charger,Tinja Ln,,,,,,,,,,,,,,,,,
Existing,Destination charger,The Fairways Community Charger charger,2/19 boundary Street Forster,MID-COAST,Forster,2428,-32.186783,152.527618,6am-10pm 7 days After hours please contact,,1,1,kW,0,0,1,-32.186783,,,
Existing,Destination charger,Nile Street Cafe charger,49 Nile St,,,,,,,,,,,,,,,,,
Existing,Destination charger,Hunter Valley Cooperage B&B charger,41 Oakey Creek Rd,,,,,,,,,,,,,,,,,
Existing,Destination charger,Keith Tulloch Winery charger,989 Hermitage Rd,,,,,,,,,,,,,,,,,
Existing,Destination charger,Jesmond Executive Villas charger,189 Newcastle Rd,,,,,,,,,,,,,,,,,
Existing,Destination charger,Central Coast Coffee charger,1/80 Somersby Falls Rd,,,,,,,,,,,,,,,,,
Existing,Destination charger,M charger,3 Streamdale St,,,,,,,,,,,,,,,,,
Existing,Destination charger,Cherrybrook Village charger,41-47 Shepherds Dr,,,,,,,,,,,,,,,,,
Existing,Destination charger,Peach Tree Rd Megalong Valley charger,46 Peach Tree Road,,,,,,,,,,,,,,,,,
Existing,Destination charger,Pennant Hills Market Place charger,4-10 Hillcrest Rd,,,,,,,,,,,,,,,,,
Existing,Destination charger,Mercedes-Benz Castle Hill charger,2 Anella Ave,,,,,,,,,,,,,,,,,
Existing,Destination charger,Max Webber Library charger,Flushcombe Rd & Alpha St,,,,,,,,,,,,,,,,,
"4:00pm""",Exploren,2,2,7 kW,0,2,0,-33.771403,,,,,,,,,,,,
Existing,Destination charger,Secure Parking - Zenith Centre Car Park charger,6 Mcintosh St,,,,,,,,,,,,,,,,,
Existing,Destination charger,Blacktown Westpoint Shopping Centre charger,17 Patrick St,,,,,,,,,,,,,,,,,
"5pm Sun 10am - 5pm""",Chargefox,4,8,7 kW,0,8,0,-33.770738,,,,,,,,,,,,
Existing,Destination charger,PCYC Car Park (3) charger,36 Kingsway,,,,,,,,,,,,,,,,,
Existing,Destination charger,Granville Place charger,31 East Street,,,,,,,,,,,,,,,,,
Existing,Destination charger,Emerald Hills Shopping Village charger,5 Emerald Hills Blvd,,,,,,,,,,,,,,,,,
Existing,Destination charger,Courthouse Lane charger,162 Russell St,,,,,,,,,,,,,,,,,
Existing,Destination charger,22 Carillion Ave Parking charger,22 Carillion Avenue Camperdown,,,,,,,,,,,,,,,,,
Existing,Destination charger,Dwell charger,110-116 Flora St,,,,,,,,,,,,,,,,,
Existing,Destination charger,Rhodes Corporate Park charger,1 Homebush Bay Dr,,,,,,,,,,,,,,,,,
Existing,Destination charger,East Sydney Community Christian Church charger,8 Soudan St,,,,,,,,,,,,,,,,,
Existing,Destination charger,East Village Shopping Centre (1) charger,4 Defries Ave,,,,,,,,,,,,,,,,,
Existing,Destination charger,Civic Plaza 88 Christie (1) charger,88 Christie St,,,,,,,,,,,,,,,,,
Existing,Destination charger,Bendooley Estate charger,3020 Old Hume Hwy,,,,,,,,,,,,,,,,,
Existing,Destination charger,Wakefield Park Raceway charger,4770 Braidwood Rd,,,,,,,,,,,,,,,,,
Existing,Destination charger,Harbour View Apartments charger,72 South St,,,,,,,,,,,,,,,,,
Existing,Destination charger,Flash Jacks of Gundagai charger,14 Homer Street,,,,,,,,,,,,,,,,,
Existing,Destination charger,The Bower at Broulee charger,2352 George Bass Drive,EUROBODALLA,Broulee,2537,-35.843024,150.167907,,,1,1,kW,0,1,0,-35.843024,,,
Existing,Destination charger,Heritage House Motel & Apartments charger,178 Imlay St,,,,,,,,,,,,,,,,,
Existing,Destination charger,Snowbound Chalets charger,5 Crackenback Dr,,,,,,,,,,,,,,,,,
Existing,Destination charger,Seahorse Inn Hotel & Villas charger,Boydtown Park Rd,,,,,,,,,,,,,,,,,
Existing,Destination charger,CIRCA 1928 Hotel & Spa charger,588 - 590 Dean Street,,,,,,,,,,,,,,,,,
Existing,Fast charger,Albury Waste Management Centre charger,565 Mudge Street,,,,,,,,,,,,,,,,,
Existing,Fast charger,NRMA - Ballina charger,44 Bangalow Road,,,,,,,,,,,,,,,,,
Existing,Fast charger,Audi Centre Sydney charger,895 South Dowling Street,,,,,,,,,,,,,,,,,
Existing,Fast charger,BP Revesby charger,Milperra Rd AUS AU,,,,,,,,,,,,,,,,,
Existing,Fast charger,bp Coffs Harbour charger,136 Pacific Hwy,,,,,,,,,,,,,,,,,
Existing,Fast charger,Caddens Corner charger,82a O'Connell St,,,,,,,,,,,,,,,,,
Existing,Fast charger,Bakehouse Quarter Carpark charger,3 George St,,,,,,,,,,,,,,,,,
Existing,Fast charger,Broken Hill charger,Kintore Headframe Car Park,,,,,,,,,,,,,,,,,
Existing,Fast charger,Church St Car Park charger,81 Gipps St,,,,,,,,,,,,,,,,,
Existing,Fast charger,Neilly St Car Park charger,26 Neilly St,,,,,,,,,,,,,,,,,
Existing,Fast charger,133 Liverpool Road charger,133 Liverpool Road,,,,,,,,,,,,,,,,,
Existing,Fast charger,Broadarrow Rd Parking charger,42 Broad Arrow Rd,,,,,,,,,,,,,,,,,
Existing,Fast charger,Barrenjoey House carpark charger,Palm Beach,,,,,,,,,,,,,,,,,
Existing,Fast charger,JOLT Glendenning charger,670 Richmond Rd,,,,,,,,,,,,,,,,,
Existing,Fast charger,Harwood Hotel charger,56 Morpeth St,,,,,,,,,,,,,,,,,
Existing,Fast charger,Park Beach Plaza charger,253 Pacific Highway,,,,,,,,,,,,,,,,,
Existing,Destination charger,Curlew Retreat charger,399 Wylie Creek Rd,,,,,,,,,,,,,,,,,
Existing,Destination charger,Twin Towns Club Banora charger,Leisure Drive,,,,,,,,,,,,,,,,,
Existing,Destination charger,Halcyon House charger,21 Cypress Cres,,,,,,,,,,,,,,,,,
Existing,Destination charger,The Habitat Bryon charger,9 Easy St,,,,,,,,,,,,,,,,,
Existing,Destination charger,Mantra on Salt Beach Kingscliff charger,9 Gunnamatta Ave,,,,,,,,,,,,,,,,,
Existing,Destination charger,Glenguin Estate & Vineyard charger,997 Milbrodale Rd,,,,,,,,,,,,,,,,,
Existing,Destination charger,Tranquillyn Country Retreat charger,2754 Glen Davis NSW,,,,,,,,,,,,,,,,,
Existing,Destination charger,19 Ebsworth St Parking charger,19 Ebsworth St,,,,,,,,,,,,,,,,,
Existing,Destination charger,Brokenwood Wines charger,401-427 McDonalds Road,,,,,,,,,,,,,,,,,
Existing,Destination charger,Emaroo Cottages charger,18 Tramway Terrace,,,,,,,,,,,,,,,,,
Existing,Destination charger,John Hunter Hospital - 2 Lookout Rd (2) charger,A/2 Lookout Rd,,,,,,,,,,,,,,,,,
Existing,Destination charger,Skyline Solar charger,317 Windsor Rd,,,,,,,,,,,,,,,,,
Existing,Destination charger,Esplanade Norwest Apartments charger,11 Solent Circuit,,,,,,,,,,,,,,,,,
Existing,Destination charger,Railway St Parking charger,Railway St,,,,,,,,,,,,,,,,,
Existing,Destination charger,Chatswood Energy Trade Arthur charger,475 Victoria Ave,,,,,,,,,,,,,,,,,
Existing,Destination charger,The Hills Shire Council charger,3 Columbia Ct,,,,,,,,,,,,,,,,,
"on Weekends""",Exploren,3,5,22 kW,0,5,0,-33.73068891,,,,,,,,,,,,
Existing,Destination charger,Penrith Homemaker Centre charger,Crn Mulgoa Rd & Wolseley St,,,,,,,,,,,,,,,,,
Existing,Destination charger,Stockland Balgowlah (1) charger,197-215 Condamine St,,,,,,,,,,,,,,,,,
Existing,Destination charger,Taitung Food Service charger,355 Newbridge Road,,,,,,,,,,,,,,,,,
Existing,Destination charger,Parramatta Leagues Club charger,1 Eels Place,,,,,,,,,,,,,,,,,
Existing,Destination charger,Park&Ride - Edmondson Park (South) charger,Cr Henderson Road and MacDonald Road,,,,,,,,,,,,,,,,,
Existing,Destination charger,54 Marine Parade Parking charger,54 Marine Parade,,,,,,,,,,,,,,,,,
Existing,Destination charger,Solar Analytics Redfern charger,245 Chalmers St,,,,,,,,,,,,,,,,,
Existing,Destination charger,Sydney Olympic Park charger,P1 Parking Station,CANADA BAY,Sydney Olympic Park,2127,-33.8459,151.06086,,Tesla Destination,2,2,22 kW,2,0,0,-33.8459,,,
Existing,Destination charger,The Mascot Eye Specialist Centre charger,170 King Lane,,,,,,,,,,,,,,,,,
Existing,Destination charger,80 - 84 Regent St Parking charger,80 A Regent St,,,,,,,,,,,,,,,,,
Existing,Destination charger,34 - 36 Macpherson St Parking charger,34-36 Macpherson St,,,,,,,,,,,,,,,,,
Existing,Destination charger,Rhodes Waterside charger,Level 3,,,,,,,,,,,,,,,,,
Existing,Destination charger,Westfield Sydney Central Plaza charger,135 King St,,,,,,,,,,,,,,,,,
Existing,Destination charger,Marina Square Shopping Centre Wentworth Point charger,5 Footbridge Boulevard,,,,,,,,,,,,,,,,,
Existing,Destination charger,Westfield Chatswood Rooftop Parking charger,52 Albert Ave,,,,,,,,,,,,,,,,,
Existing,Destination charger,12-20 Victoria St Parking charger,12-20 Victoria St,,,,,,,,,,,,,,,,,
Existing,Destination charger,Stockland Shellharbour (1) charger,211 Lake Entrance Road,,,,,,,,,,,,,,,,,
Existing,Destination charger,Mollymook Cove Apartments charger,17 Golf Ave Mollymook Beach NSW 2539,SHOALHAVEN,Mollymook,2539,-35.34109846,150.473565,Open 24/7,,1,1,kW,0,1,0,-35.34109846,,,
Existing,Destination charger,Boorowa Ex-services and Citizens Club charger,55-59 Pudman Street,,,,,,,,,,,,,,,,,
Existing,Destination charger,Talbingo Lodge charger,45 Lampe St,,,,,,,,,,,,,,,,,
Existing,Destination charger,33-35 Brolga Pl Parking charger,33-35 Brolga Pl,,,,,,,,,,,,,,,,,
Existing,Destination charger,Bermi Escape charger,42 Songlark St,,,,,,,,,,,,,,,,,
Existing,Fast charger,NRMA - Coffs Harbour charger,Pacific Hwy,,,,,,,,,,,,,,,,,
Existing,Fast charger,KFC - Goulburn South charger,179-183 Hume Street,,,,,,,,,,,,,,,,,
Existing,Fast charger,Ampol Foodary Hazelbrook charger,198-199 Great Western Hwy,,,,,,,,,,,,,,,,,
Existing,Fast charger,BP Macarthur charger,2a Blaxland Rd,,,,,,,,,,,,,,,,,
Existing,Fast charger,Kogarah Town Centre charger,Kogarah Town Centre,,,,,,,,,,,,,,,,,
Existing,Fast charger,Mitchell St Bourke charger,15c Mitchell St,,,,,,,,,,,,,,,,,
Existing,Fast charger,Richmond Road charger,19 Richmond Rd,,,,,,,,,,,,,,,,,
Existing,Fast charger,Oaks Ave,,,,,,,,,,,,,,,,,,
Existing,Fast charger,Stewart St East Car Park charger,17 Stewart St,,,,,,,,,,,,,,,,,
Existing,Fast charger,Bungan Street charger,5 Bungan St,,,,,,,,,,,,,,,,,
Existing,Fast charger,Macadamia Castle charger,419 Hinterland Way,,,,,,,,,,,,,,,,,
Existing,Fast charger,Cassegrain Winery charger,10 Winery Drive,,,,,,,,,,,,,,,,,
Existing,Fast charger,West Tamworth League Club charger,25 Park St,,,,,,,,,,,,,,,,,
Existing,Destination charger,Habitat Byron Bay charger,1 Porter St,,,,,,,,,,,,,,,,,
Existing,Destination charger,Tweed Heads Vegas Motel (2) charger,123 Wharf St,,,,,,,,,,,,,,,,,
Existing,Destination charger,The Lodge Bellingen charger,1381 Waterfall Way,,,,,,,,,,,,,,,,,
Existing,Destination charger,Quest Serviced Apartments Tamworth charger,337 Armidale Rd,,,,,,,,,,,,,,,,,
Existing,Destination charger,Sails Resort Port Macquarie by Rydges charger,20 Park St,,,,,,,,,,,,,,,,,
Existing,Destination charger,Club Lemon Tree charger,18A Gould Dr,,,,,,,,,,,,,,,,,
Existing,Destination charger,The Remington Orange charger,1517 Forest Rd,,,,,,,,,,,,,,,,,
Existing,Destination charger,West Wallsend Workers Club charger,51 Carrington St,,,,,,,,,,,,,,,,,
Existing,Destination charger,Kim's Beachside Retreat charger,16 Charlton St,,,,,,,,,,,,,,,,,
Existing,Destination charger,Mantra Nelson Bay charger,1A Tomaree St,,,,,,,,,,,,,,,,,
Existing,Destination charger,Home charger,2 Binstead St,,,,,,,,,,,,,,,,,
Existing,Destination charger,Bella Vista Motel charger,5 Central Coast Highway,,,,,,,,,,,,,,,,,
Existing,Destination charger,Caddens Corner charger,82a O'Connell St,,,,,,,,,,,,,,,,,
Existing,Destination charger,Esplanade Norwest Apartments charger,11-13 Solent Circuit,,,,,,,,,,,,,,,,,
Existing,Destination charger,Park&Ride - Rooty Hill charger,1 Station St,,,,,,,,,,,,,,,,,
Existing,Destination charger,PCYC Car Park (2) charger,40 Kingsway,,,,,,,,,,,,,,,,,
Existing,Destination charger,PCYC Car Park (1) charger,40 Kingsway,,,,,,,,,,,,,,,,,
Existing,Destination charger,Aurora charger,17 Roberts Rd,,,,,,,,,,,,,,,,,
Existing,Destination charger,South Bondi - Castlefield St Parking charger,15 Castlefield St,,,,,,,,,,,,,,,,,
Existing,Destination charger,Supa Centa Moore Park charger,2 Todman Avenue,,,,,,,,,,,,,,,,,
Existing,Destination charger,33 Smith St Parking charger,33 Smith St,,,,,,,,,,,,,,,,,
Existing,Destination charger,Mercure Sydney charger,818 George St,,,,,,,,,,,,,,,,,
Existing,Destination charger,Canterbury Bankstown Council charger,Civic Tower,,,,,,,,,,,,,,,,,
Existing,Destination charger,12 Trinity Ave Parking charger,12 Trinity Avenue,,,,,,,,,,,,,,,,,
Existing,Destination charger,The Amora Hotel Jamison Sydney charger,11 Jamison St,,,,,,,,,,,,,,,,,
Existing,Destination charger,The Langham Hotel Sydney charger,89-113 Kent St,,,,,,,,,,,,,,,,,
Existing,Destination charger,Tesla Miranda charger,100-104 Parraweena Rd,,,,,,,,,,,,,,,,,
Existing,Destination charger,Ibis King Street Wharf charger,22 Shelley St,,,,,,,,,,,,,,,,,
Existing,Destination charger,130 Glenayr Ave Parking charger,130 Glenayr Ave,,,,,,,,,,,,,,,,,
Existing,Destination charger,EVup INS Group charger,11 West Street,,,,,,,,,,,,,,,,,
Existing,Destination charger,Wollongong Central - Lower (Market Street) charger,71 Market St,,,,,,,,,,,,,,,,,
Existing,Destination charger,Aquarius at the bay charger,438 Elizabeth Dr,,,,,,,,,,,,,,,,,
Existing,Destination charger,Hamilton Queanbeyan Motel charger,53 Tharwa Rd,,,,,,,,,,,,,,,,,
Existing,Destination charger,The Pipi Tree charger,5A Charles St,,,,,,,,,,,,,,,,,
Existing,Destination charger,NRMA Murramarang Beachfront Holiday Resort charger,NRMA Murramarang Beachfront Holiday Resort,,,,,,,,,,,,,,,,,
Existing,Fast charger,No 2 Sportsground Park charger,Smith Street,,,,,,,,,,,,,,,,,
Existing,Fast charger,ENGIE - Warriewood Square charger,12 Jacksons Road,,,,,,,,,,,,,,,,,
Existing,Fast charger,ENGIE - Lake Haven Centre charger,Lake Haven Drive,,,,,,,,,,,,,,,,,
Existing,Fast charger,Pennant Hills Toyota charger,330 Pennant Hills Road,,,,,,,,,,,,,,,,,
Existing,Fast charger,BP Eastern Creek charger,1 Wallgrove Rd,,,,,,,,,,,,,,,,,
Existing,Fast charger,Ampol Cameron Park charger,119 Stenhouse Dr,,,,,,,,,,,,,,,,,
Existing,Fast charger,Red Rooster Guildford charger,322 Woodville Road Guildford,,,,,,,,,,,,,,,,,
Existing,Fast charger,Temora Shire Council charger,Car park,,,,,,,,,,,,,,,,,
Existing,Fast charger,Hunter Valley Gardens Car Park charger,Hunter Valley Gardens carpark,,,,,,,,,,,,,,,,,
Existing,Fast charger,Nabiac Park charger,35 Nabiac Street,,,,,,,,,,,,,,,,,
Existing,Fast charger,Stanley St Parking charger,28 Stanley St,,,,,,,,,,,,,,,,,
Existing,Fast charger,Cabarita Beach charger,47 Cabarita Beach Road,,,,,,,,,,,,,,,,,
Existing,Destination charger,Tropical Fruit World charger,29 Duranbah Rd,,,,,,,,,,,,,,,,,
Existing,Destination charger,Park Beach Resort Motel charger,111 Park Beach Rd,,,,,,,,,,,,,,,,,
Existing,Destination charger,Rockpool Motor Inn charger,45 Mcintyre Street,,,,,,,,,,,,,,,,,
Existing,Destination charger,Two Styx cabins charger,Two Styx Cabins via Ebor,ARMIDALE REGIONAL,Ebor,2453,-30.50051251,152.3801901,Open 24/7,,1,1,kW,0,1,0,-30.50051251,,,
Existing,Destination charger,Cameron Park Plaza charger,100 George Booth Dr,,,,,,,,,,,,,,,,,
Existing,Destination charger,Redhead Beachhouse charger,1a Cain St,,,,,,,,,,,,,,,,,
Existing,Destination charger,Ben van der Wijngaart charger,11 Tallean Rd,,,,,,,,,,,,,,,,,
Existing,Destination charger,Bells at Killcare Boutique Hotel charger,107 The Scenic Rd,,,,,,,,,,,,,,,,,
Existing,Destination charger,Hills Flower Market charger,287 Mona Vale Rd,,,,,,,,,,,,,,,,,
Existing,Destination charger,Blacktown Animal Relocation Centre (BARC) charger,4 Rayben St,,,,,,,,,,,,,,,,,
Existing,Destination charger,Crowne Plaza Terrigal charger,Pine Tree Lane Terrigal,,,,,,,,,,,,,,,,,
Existing,Destination charger,PEMBROKE - Energy Trade charger,48 Pembroke St,,,,,,,,,,,,,,,,,
Existing,Destination charger,Kellyville Grove Shopping Centre charger,2 Hector Ct Kellyville NSW 2155,,,,,,,,,,,,,,,,,
Existing,Destination charger,Boondah Depot Northern Beaches Council charger,1 Boondah Rd,,,,,,,,,,,,,,,,,
Existing,Destination charger,Blackmore charger,20 jubilee ave warriewood,NORTHERN BEACHES,Mona Vale,2103,-33.67702846,151.2904673,Monday to Friday Just you can use with you own cable type 2,,1,2,kW,0,2,0,-33.67702846,,,
Existing,Destination charger,Fairmont Resort Blue Mountains by MGallery (1) charger,1 Sublime Point Rd,,,,,,,,,,,,,,,,,
Existing,Destination charger,SG Fleet Pymble - Tenants only charger,20 Bridge Street,,,,,,,,,,,,,,,,,
Existing,Destination charger,Industrie Clothing charger,343 Milperra Rd,,,,,,,,,,,,,,,,,
Existing,Destination charger,Ed Square Town Centre charger,52 Soldiers Parade,,,,,,,,,,,,,,,,,
Existing,Destination charger,Parramatta Hyundai charger,319 Church St,,,,,,,,,,,,,,,,,
Existing,Destination charger,Victoria St Carpark charger,15 Victoria St,,,,,,,,,,,,,,,,,
Existing,Destination charger,Canterbury Bankstown Council - Campsie Admin Centre charger,21 Shakespeare St,,,,,,,,,,,,,,,,,
Existing,Destination charger,Pullman Sydney Hyde Park charger,36 College St,,,,,,,,,,,,,,,,,
Existing,Destination charger,Acacia Gardens charger,71 Jones St,,,,,,,,,,,,,,,,,
Existing,Destination charger,142 Glenayr Ave Parking charger,142 Glenayr Ave,,,,,,,,,,,,,,,,,
Existing,Destination charger,Arc Renewable Group Wolli Creek charger,1 Arncliffe St,,,,,,,,,,,,,,,,,
Existing,Destination charger,Elm Cottage Tumut charger,722 Little River Rd,,,,,,,,,,,,,,,,,
Existing,Destination charger,Shaw Wines charger,34 Isabel Dr,,,,,,,,,,,,,,,,,
Existing,Destination charger,Micro Energy Systems Australia charger,147 Princes Hwy Bodalla NSW 2545,EUROBODALLA,Bodalla,2545,-36.095952,150.051928,By Appointment,ChargePoint,1,1,kW,0,1,0,-36.095952,,,
Existing,Destination charger,Euston Bowling & Recreation Club charger,2/28 Nixon St,,,,,,,,,,,,,,,,,
Existing,Destination charger,Meninya Palms Moama charger,54-56 Meninya Street,,,,,,,,,,,,,,,,,
Existing,Destination charger,Centrepoint Motel Deniliquin charger,399 Cressy Street,,,,,,,,,,,,,,,,,
Existing,Fast charger,bp Mosman charger,42 Avenue Rd,,,,,,,,,,,,,,,,,
Existing,Fast charger,BP Caringbah charger,Captain Cook Dr and,,,,,,,,,,,,,,,,,
Existing,Fast charger,Wagga Wagga Cross St Car Park charger,8/24 Cross St,,,,,,,,,,,,,,,,,
Existing,Fast charger,Evans St Parking charger,Car park,,,,,,,,,,,,,,,,,
Existing,Fast charger,Dubbo Supercharger charger,76 Wingewarra Street,,,,,,,,,,,,,,,,,
Existing,Fast charger,Sovereign Place Town Centre (2) charger,15 Chancellors Dr,,,,,,,,,,,,,,,,,
Existing,Destination charger,Byron at Byron Resort and Spa charger,77-97 Broken Head Rd,,,,,,,,,,,,,,,,,
Existing,Destination charger,Byron Stay charger,67 Shirley St,,,,,,,,,,,,,,,,,
Existing,Destination charger,GreyBox Holiday House AirBnB charger,10 Mitchell St South West Rocks,KEMPSEY,South West Rocks,2431,-30.8886651,153.0429315,,,1,1,kW,0,1,0,-30.8886651,,,
Existing,Destination charger,Ridges Armidale charger,31 Marsh stree Armidale NSW,ARMIDALE REGIONAL,Armidale,2350,-30.50606686,151.6720693,Open 24/7,,1,1,kW,0,1,0,-30.50606686,,,
Existing,Destination charger,Highland Heritage Estate charger,4968 Mitchell Hwy,,,,,,,,,,,,,,,,,
Existing,Destination charger,CSIRO - Testing Center charger,10 Murray Dwyer Cct,,,,,,,,,,,,,,,,,
Existing,Destination charger,Silverdown Luxury Accomodation charger,53 Silverdown Way,,,,,,,,,,,,,,,,,
Existing,Destination charger,Murray Consulting Solutions charger,6 Muir St,,,,,,,,,,,,,,,,,
Existing,Destination charger,Borrodell Vineyard Accommodation charger,298 Lake Canobolas Rd,,,,,,,,,,,,,,,,,
Existing,Destination charger,Amarna Luxury Beach Resort charger,16 Christmas Bush Avenue,,,,,,,,,,,,,,,,,
Existing,Destination charger,Stockland Glendale - Beyond Bank charger,387 Lake Road,,,,,,,,,,,,,,,,,
Existing,Destination charger,Worthington BMW charger,1 Kangoo Rd,,,,,,,,,,,,,,,,,
Existing,Destination charger,Terrigal Hotel charger,176 Terrigal Drive Terrigal,,,,,,,,,,,,,,,,,
Existing,Destination charger,Ettalong Beach - ARG charger,237-245 Ocean View Rd,,,,,,,,,,,,,,,,,
Existing,Destination charger,9 Anzac Ave Parking charger,9 Anzac Ave,,,,,,,,,,,,,,,,,
Existing,Destination charger,Megalong Valley Tea Room charger,824 Megalong Rd,,,,,,,,,,,,,,,,,
Existing,Destination charger,Jonas Bradley Oval charger,158 The Ponds Blvd,,,,,,,,,,,,,,,,,
Existing,Destination charger,The Mix Chatswood Car Park charger,46 Hercules Street,,,,,,,,,,,,,,,,,
Existing,Destination charger,Bella Vista Hotel charger,13-15 Lexington Drive,,,,,,,,,,,,,,,,,
Existing,Destination charger,Westfield Warringah Mall charger,Cnr Condamine St & Old Pittwater Road,,,,,,,,,,,,,,,,,
Existing,Destination charger,The Carrington Hotel Katoomba charger,15-47 Katoomba Street,,,,,,,,,,,,,,,,,
Existing,Destination charger,Atura Blacktown charger,32 Cricketers Arms Road,,,,,,,,,,,,,,,,,
Existing,Destination charger,Parramatta Nissan charger,Church St & Raymond Street Granville NSW 2142 Australia,CUMBERLAND,Granville,2142,-33.824932,151.00499,,ChargePoint,1,1,kW,0,0,1,-33.824932,,,
Existing,Destination charger,Heritage Inn Bathurst charger,102 Stewart St,,,,,,,,,,,,,,,,,
Existing,Destination charger,Camden Council - Narellan Library Car Park charger,Corner Queen & Elyard St,,,,,,,,,,,,,,,,,
Existing,Destination charger,Macarthur Square Shopping Centre charger,200 Gilchrist Dr,,,,,,,,,,,,,,,,,
Existing,Destination charger,Mortlake Slipway charger,35 Hilly St,,,,,,,,,,,,,,,,,
Existing,Destination charger,UNSW - School of Photovoltaic and Renewable Energy Engineering charger,UNSW Mall Entrance,,,,,,,,,,,,,,,,,
Existing,Destination charger,EVSE Australia charger,14 Millennium Ct,,,,,,,,,,,,,,,,,
Existing,Destination charger,O'Donnell St. North Bondi Apartments charger,37-39 O'Donnell St,,,,,,,,,,,,,,,,,
Existing,Destination charger,Messina Ice Cream Marrickville charger,1 Rich St,,,,,,,,,,,,,,,,,
Existing,Destination charger,7 Laguna Street Parking charger,7 Laguna St,,,,,,,,,,,,,,,,,
Existing,Destination charger,Rail Operations Centre (ROC) charger,Mandible St,,,,,,,,,,,,,,,,,
Existing,Destination charger,Goulburn Street Car Park charger,Corner of Goulburn and Elizabeth Streets,,,,,,,,,,,,,,,,,
Existing,Destination charger,Crowne Plaza Darling Harbour charger,58 Bathurst St,,,,,,,,,,,,,,,,,
Existing,Destination charger,The Greens charger,86 Centenary Dr,,,,,,,,,,,,,,,,,
Existing,Destination charger,Sheraton Grand Sydney Hyde Park (2) charger,161 Elizabeth St,,,,,,,,,,,,,,,,,
Existing,Destination charger,Broadway Shopping Centre (1) charger,1 Bay St,,,,,,,,,,,,,,,,,
Existing,Destination charger,CUPRA Garage Artarmon charger,389 Pacific Hwy,,,,,,,,,,,,,,,,,
Existing,Destination charger,Sydney Ski Club charger,Riverside Cabins,,,,,,,,,,,,,,,,,
Existing,Fast charger,NRMA - Gundagai charger,31 Annie Pyers Drive,,,,,,,,,,,,,,,,,
Existing,Fast charger,Ampol Foodary Brownsville charger,342 Kanahooka Rd,,,,,,,,,,,,,,,,,
Existing,Fast charger,BP Ballina Travel Centre charger,AUS AU,,,,,,,,,,,,,,,,,
Existing,Fast charger,Ikea Tempe charger,634-726 Princes Hwy,,,,,,,,,,,,,,,,,
Existing,Fast charger,Wollongong Central - Regent St Entrance charger,Regent St,,,,,,,,,,,,,,,,,
Existing,Fast charger,Raglan St West Car Park charger,188 Raglan St,,,,,,,,,,,,,,,,,
Existing,Fast charger,HomeCo Highlands charger,205 Old Hume Hwy,,,,,,,,,,,,,,,,,
Existing,Fast charger,Sydney Motorsport Park (1) charger,Sydney Motorsport Park,,,,,,,,,,,,,,,,,
Existing,Fast charger,Wallsend Car Park charger,76 Cowper St,,,,,,,,,,,,,,,,,
Existing,Fast charger,Spencer St & Regatta Rd Parking charger,2A Regatta Rd,,,,,,,,,,,,,,,,,
Existing,Fast charger,Centennial Plaza charger,97 Commissioner St,,,,,,,,,,,,,,,,,
Existing,Destination charger,North Star Holiday Resort charger,1 Tweed Coast Rd,,,,,,,,,,,,,,,,,
Existing,Destination charger,Childe St Kerbside charger charger,25 Childe St,,,,,,,,,,,,,,,,,
Existing,Destination charger,Suranadi Beach Houses charger,3 Cavvanbah Street,,,,,,,,,,,,,,,,,
Existing,Destination charger,Kingscliff Shopping Centre charger,22 Pearl St,,,,,,,,,,,,,,,,,
Existing,Destination charger,Stone & Wood Brewery Byron Bay charger,100 Centennial Cct,,,,,,,,,,,,,,,,,
Existing,Destination charger,Grandview Villa charger,Unit 1/15 Sutherland St,,,,,,,,,,,,,,,,,
Existing,Destination charger,Cousins Motor Inn charger,9-11 Glen Innes Road,,,,,,,,,,,,,,,,,
Existing,Destination charger,Emirates One&Only Wolgan Valley charger,2600 Wolgan Rd,,,,,,,,,,,,,,,,,
Existing,Destination charger,Wallsend District Hospital charger,Nash St,,,,,,,,,,,,,,,,,
Existing,Destination charger,Battery world dubbo charger,Princess hwy Dubbo,DUBBO REGIONAL,Dubbo,2830,-32.24508307,148.5897847,9-3 pm,Zero,1,1,kW,0,1,0,-32.24508307,,,
Existing,Destination charger,Central Jetty Motel charger,509 - 517 The Entrance Road,,,,,,,,,,,,,,,,,
Existing,Destination charger,Seabreeze Hotel charger,2 Stockton Street,,,,,,,,,,,,,,,,,
Existing,Destination charger,Seven Hills Railway Station Carpark charger,Boomerang Place,,,,,,,,,,,,,,,,,
Existing,Destination charger,Astina Serviced Apartments charger,21 Woodriff St,,,,,,,,,,,,,,,,,
Existing,Destination charger,Teachers Mutual Bank Rooty Hill charger,5 Beames Ave,,,,,,,,,,,,,,,,,
Existing,Destination charger,Fairmont Resort Blue Mountains by MGallery (2) charger,1 Sublime Point Rd,,,,,,,,,,,,,,,,,
Existing,Destination charger,Lionel Watts Reserve charger,Lionel Watts Reserve,,,,,,,,,,,,,,,,,
Existing,Destination charger,Sydney Hybrid & Electric Cars charger,21 Ormsby Pl,,,,,,,,,,,,,,,,,
Existing,Destination charger,Tesla Parramatta Showroom charger,55 Church Street,,,,,,,,,,,,,,,,,
Existing,Destination charger,Westfield Parramatta Campbell St Carpark charger,15-19 Aird St,,,,,,,,,,,,,,,,,
Existing,Destination charger,Westfield Miranda charger,600 Kingsway,,,,,,,,,,,,,,,,,
Existing,Destination charger,Bow Charging - Brighton-Le-Sands charger,25A Rowley St,,,,,,,,,,,,,,,,,
Existing,Destination charger,Greenwood Plaza charger,36 Blue St,,,,,,,,,,,,,,,,,
"Sunday: 7.00am - 12midnight Public Holidays: 10:00am - 12:00am""",Chargefox,2,4,22 kW,0,4,0,-33.840843,,,,,,,,,,,,
Existing,Destination charger,34 Morley Ave Parking charger,34 Morley Ave,,,,,,,,,,,,,,,,,
Existing,Destination charger,Flick Homebush West charger,145 Arthur St,,,,,,,,,,,,,,,,,
Existing,Destination charger,Four Points by Sheraton Sydney,,,,,,,,,,,,,,,,,,
Existing,Destination charger,Disney Studios Australia charger,40B Driver Ave,,,,,,,,,,,,,,,,,
Existing,Destination charger,TARA Lane Cove charger,640 Mowbray Rd W,,,,,,,,,,,,,,,,,
Existing,Destination charger,94 Princes Hwy - Ticketless Parking charger,94 Princes Hwy,,,,,,,,,,,,,,,,,
Existing,Destination charger,Bella K charger,4/178 Manning St,,,,,,,,,,,,,,,,,
Existing,Destination charger,Braidwood Royal Mail Hotel charger,145/147 Wallace St,,,,,,,,,,,,,,,,,
Existing,Destination charger,Batemans Bay Soldiers Club charger,2 Beach Rd,,,,,,,,,,,,,,,,,
Existing,Destination charger,Valet Park and Fly Wagga Airport charger,Don Kendall Dr,,,,,,,,,,,,,,,,,
Existing,Destination charger,Consoft Automation charger,3/314 Kiewa St,,,,,,,,,,,,,,,,,
Existing,Destination charger,Volt Lane Car Park charger,Lot 102,,,,,,,,,,,,,,,,,
Existing,Fast charger,Ampol Foodary Pheasants Nest Northbound charger,Lots 1 & 2 Hume Hwy,,,,,,,,,,,,,,,,,
Existing,Fast charger,BP Tumbi Umbi charger,Cnr Mingara Dr & Wyong Rd,,,,,,,,,,,,,,,,,
Existing,Fast charger,BP Wiley Park charger,24-42 King Georges Rd,,,,,,,,,,,,,,,,,
Existing,Fast charger,Sutton Forest West charger,13125 Hume Hwy,,,,,,,,,,,,,,,,,
Existing,Fast charger,Lawson Car Park charger,4-6 New St,,,,,,,,,,,,,,,,,
Existing,Fast charger,HomeCo Belrose charger,4-6 Niangala Close,,,,,,,,,,,,,,,,,
Existing,Fast charger,Ampol Woolworths MetroGo Seven Hills charger,38 Abbott Rd,,,,,,,,,,,,,,,,,
Existing,Fast charger,Eastgate Bondi Junction charger,71/91 Spring St,,,,,,,,,,,,,,,,,
Existing,Fast charger,Wilcannia Hospital charger,1 - 7 Ross St,,,,,,,,,,,,,,,,,
Existing,Fast charger,Balranald Discovery Centre charger,85 Market St,,,,,,,,,,,,,,,,,
Existing,Fast charger,Lake Macquarie Visitor Information Centre charger,228 Pacific Hwy,,,,,,,,,,,,,,,,,
Existing,Fast charger,Bunnings Caringbah charger,Koonya Cct,,,,,,,,,,,,,,,,,
Existing,Fast charger,Goulburn Visitor Information Centre charger,201 Sloane St,,,,,,,,,,,,,,,,,
Existing,Destination charger,Rainbow Power Company charger,1 Alternative Way,,,,,,,,,,,,,,,,,
Existing,Destination charger,Beach Suites Byron Bay charger,20 Bay St,,,,,,,,,,,,,,,,,
Existing,Destination charger,National Transport Museum Inverell charger,11–107 Rifle Range Road,,,,,,,,,,,,,,,,,
Existing,Destination charger,Southern Cross University Coffs Harbour Campus charger,Doug Knight drive,COFFS HARBOUR,Coffs Harbour,2450,-30.325628,153.102803,Open 24/7,,1,1,kW,0,1,0,-30.325628,,,
Existing,Destination charger,Mid Pacific Motel charger,71 Clarence St,,,,,,,,,,,,,,,,,
Existing,Destination charger,Kew Motel charger,144 Nancy Bird Walton Dr,,,,,,,,,,,,,,,,,
Existing,Destination charger,Wellington Library charger,Corner Percy &,,,,,,,,,,,,,,,,,
Existing,Destination charger,Lawson Hill Estate charger,574 Henry Lawson Dr,,,,,,,,,,,,,,,,,
Existing,Destination charger,96 Ocean St Parking charger,96 Ocean St,,,,,,,,,,,,,,,,,
Existing,Destination charger,East Maitland Bowling Club charger,Banks St,,,,,,,,,,,,,,,,,
Existing,Destination charger,Fingal Farm charger,62 Boolambayte Rd,,,,,,,,,,,,,,,,,
Existing,Destination charger,Shearing Shed Motor Inn charger,31 Cobra St,,,,,,,,,,,,,,,,,
Existing,Destination charger,Aldi Cardiff charger,49 Harrison St,,,,,,,,,,,,,,,,,
Existing,Destination charger,Wallsend Village charger,80 Cowper Street,,,,,,,,,,,,,,,,,
Existing,Destination charger,Nash Street charger,Nash Street,,,,,,,,,,,,,,,,,
Existing,Destination charger,Maitland City Motel charger,258-264 New England Hwy,,,,,,,,,,,,,,,,,
Existing,Destination charger,John Hunter Hospital - 2 Lookout Rd (1) charger,2 Lookout Rd,,,,,,,,,,,,,,,,,
Existing,Destination charger,Bourke Riverside Motel charger,42442 Mitchell,,,,,,,,,,,,,,,,,
Existing,Destination charger,Eastwood Hotel charger,115 Rowe Street,,,,,,,,,,,,,,,,,
Existing,Destination charger,Pittwater RSL Club charger,80-82 Mona Vale Road,,,,,,,,,,,,,,,,,
Existing,Destination charger,Lindfield Village Green Underground Car Park charger,Lindfield Village Green,,,,,,,,,,,,,,,,,
Existing,Destination charger,Hobbs Springwood charger,21 Ferguson Rd,,,,,,,,,,,,,,,,,
Existing,Destination charger,Sydney Business Park charger,15 Hollinsworth Road Marsden Park,BLACKTOWN,Marsden Park,2765,-33.71904637,150.8390215,Open 24/7,CasaCharge,2,2,kW,0,2,0,-33.71904637,,,
Existing,Destination charger,Anderson St Parking charger,370 Anderson St,,,,,,,,,,,,,,,,,
Existing,Destination charger,Camden Council - Oxley Street Car Park charger,40 - 46 Oxley St,,,,,,,,,,,,,,,,,
Existing,Destination charger,Club Central Menai charger,44-60 Allison Cres,,,,,,,,,,,,,,,,,
Existing,Destination charger,Sydney Motorsport Park charger,1 Ferrers Rd,,,,,,,,,,,,,,,,,
Existing,Destination charger,Cabramatta Hotel charger,224 Railway Parade,,,,,,,,,,,,,,,,,
Existing,Destination charger,Watson’s Bay Boutique Hotel charger,1 Military Road Watsons Bay NSW 2030,,,,,,,,,,,,,,,,,
Existing,Destination charger,Goodman Southend Lane charger,63 Campbell Rd,,,,,,,,,,,,,,,,,
Existing,Destination charger,Coogee Oval - Brook St charger,97R Brook Street,,,,,,,,,,,,,,,,,
Existing,Destination charger,2 Headland Ave Parking charger,2 Headland Ave,,,,,,,,,,,,,,,,,
Existing,Destination charger,Asteri Maison Paddington charger,6 Cecil St,,,,,,,,,,,,,,,,,
Existing,Destination charger,Novotel Sydney on Darling Harbour charger,100 Murray Street  Darling Harbour 2000 Sydney,UNINCORPORATED,Sydney,2000,-33.87168662,151.1980487,Open 24/7,,4,4,kW,0,4,0,-33.87168662,,,
Existing,Destination charger,Sienna By The Bay - Mary Street charger,6 Mary St,,,,,,,,,,,,,,,,,
Existing,Destination charger,25 Ashburner St Parking charger,25 Ashburner St,,,,,,,,,,,,,,,,,
Existing,Destination charger,PARQ on Flinders charger,67 Flinders St,,,,,,,,,,,,,,,,,
Existing,Destination charger,The Fitzroy Inn charger,1 Ferguson Cres,,,,,,,,,,,,,,,,,
Existing,Destination charger,Parson St Airbnb charger,33 Parson St,,,,,,,,,,,,,,,,,
Existing,Destination charger,The Carrington Inn charger,59 Ellendon St,,,,,,,,,,,,,,,,,
Existing,Destination charger,Motel Molly - Laid back luxury charger,2 Shepherd St,,,,,,,,,,,,,,,,,
Existing,Destination charger,Riverglade Caravan Park charger,2 Fitzroy st tumut NSW 2720,SNOWY VALLEYS,Tumut,2720,-35.29494312,148.2209127,Open 24/7,Elanga,4,4,kW,0,4,0,-35.29494312,,,
Existing,Destination charger,The Coast Resort Merimbula - Unit 2 charger,13 Fishpen Rd,,,,,,,,,,,,,,,,,
Existing,Destination charger,Sapphire Valley Caravan Park charger,29 Sapphire Coast Dr,,,,,,,,,,,,,,,,,
Existing,Destination charger,Sapphire Drive Charger charger,29 Sapphire Coast Drive,BEGA VALLEY,Merimbula,2548,-36.88452543,149.9045658,,EVUp,2,2,kW,0,2,0,-36.88452543,,,
Existing,Fast charger,Soldiers Point Marina charger,Sunset Boulevard,,,,,,,,,,,,,,,,,
Existing,Fast charger,Ampol Foodary Wollongong North charger,9 Flinders St,,,,,,,,,,,,,,,,,
Existing,Fast charger,Ampol Foodary Alexandria charger,133 Wyndham St Cnr Mcevoy St,,,,,,,,,,,,,,,,,
Existing,Fast charger,Mosman Civic charger,6 Myahgah Rd,,,,,,,,,,,,,,,,,
Existing,Fast charger,HomeCo. Prestons charger,1985 Camden Valley Way,,,,,,,,,,,,,,,,,
Existing,Fast charger,Dee Why Marketplace (2) charger,Shop 4/27-33 Oaks Ave,,,,,,,,,,,,,,,,,
Existing,Fast charger,Skillman's Lane Car Park charger,Skillman's Lane,,,,,,,,,,,,,,,,,
Existing,Fast charger,Park Ave Parking charger,30 Park Ave,,,,,,,,,,,,,,,,,
Existing,Fast charger,Little Barber St Parking Lot charger,73 Little Barber St,,,,,,,,,,,,,,,,,
Existing,Fast charger,1 Gregory Hills Drive Parking charger,Cnr Gregory Hills Dr & Holborn Cct,,,,,,,,,,,,,,,,,
Existing,Fast charger,12C Oatley Parade Parking charger,12C Oatley Parade,,,,,,,,,,,,,,,,,
Existing,Fast charger,Berowra Station charger,9/993 Pacific Hwy,,,,,,,,,,,,,,,,,
Existing,Fast charger,Figtree Grove Shopping Centre charger,Figtree Grove Shopping Centre,,,,,,,,,,,,,,,,,
Existing,Fast charger,Country Comfort Motto Farm Motel - Newcastle Airport charger,2285 Pacific Hwy,,,,,,,,,,,,,,,,,
Existing,Destination charger,Southern Cross University Lismore Campus charger,Military Rd,,,,,,,,,,,,,,,,,
Existing,Destination charger,Ballina Beach Resort charger,1 Foster St,,,,,,,,,,,,,,,,,
Existing,Destination charger,Slim Dusty Museum charger,490 Macleay Valley Way,,,,,,,,,,,,,,,,,
Existing,Destination charger,City Centre Motel (public access) charger,146 Dangar St,,,,,,,,,,,,,,,,,
Existing,Destination charger,Skimstone Wines charger,1307 Castlereagh Highway Apple Tree Flat,MID-WESTERN REGIONAL,Apple Tree Flat,2850,-32.67979276,149.7022002,10am - 4pm,,1,1,kW,0,1,0,-32.67979276,,,
Existing,Destination charger,Campbell Lifestyle Estate charger,64 Ferguson St,,,,,,,,,,,,,,,,,
Existing,Destination charger,Thistledo Vineyard charger,558 Wollombi Rd,,,,,,,,,,,,,,,,,
Existing,Destination charger,The Longhouse Pokolbin charger,385 Palmers Ln,,,,,,,,,,,,,,,,,
Existing,Destination charger,Hunter Wetlands Centre charger,412 Sandgate Rd,,,,,,,,,,,,,,,,,
Existing,Destination charger,Country Mile Motor Inn charger,14 Cross St,,,,,,,,,,,,,,,,,
Existing,Destination charger,Rydges Newcastle charger,Wharf Rd & Merewether St,,,,,,,,,,,,,,,,,
Existing,Destination charger,The Entrance Leagues Club charger,3 Bay Village Rd,,,,,,,,,,,,,,,,,
Existing,Destination charger,Allogio Thornton charger,21 Poynton Pl,,,,,,,,,,,,,,,,,
Existing,Destination charger,Narara Ecovillage charger,30 Gugandi Rd,,,,,,,,,,,,,,,,,
Existing,Destination charger,Central Coast Hybrid + EV charger,4/143 Erina St,,,,,,,,,,,,,,,,,
Existing,Destination charger,WildLife Lodge Katoomba charger,6 Martin St,,,,,,,,,,,,,,,,,
Existing,Destination charger,Macquarie University - East 4 Car Park charger,3 Technology Place,,,,,,,,,,,,,,,,,
Existing,Destination charger,Springwood Sports Club charger,83 MMacquarie Rd,,,,,,,,,,,,,,,,,
Existing,Destination charger,Subaru Inchcape charger,2-4 Burbank Pl,,,,,,,,,,,,,,,,,
Existing,Destination charger,Campbelltown City Council charger,Campbelltown NSW 2560,,,,,,,,,,,,,,,,,
Existing,Destination charger,Stockland Merrylands charger,1 Pitt St,,,,,,,,,,,,,,,,,
Existing,Destination charger,Porsche Centre Sydney South charger,470 Gardeners Rd,,,,,,,,,,,,,,,,,
Existing,Destination charger,Canterbury Bankstown Council - Leslie St-Ron Pate Centre charger,37 Leslie St,,,,,,,,,,,,,,,,,
Existing,Destination charger,Bellevue Hill – Birriga Rd Parking charger,25 Birriga Rd,,,,,,,,,,,,,,,,,
Existing,Destination charger,3 Brown St Parking charger,3 Brown Street Newtown,,,,,,,,,,,,,,,,,
Existing,Destination charger,23 Roma Ave Parking charger,23 Roma Ave,,,,,,,,,,,,,,,,,
Existing,Destination charger,Strathfield Square Parking charger,5 Churchill Ave,,,,,,,,,,,,,,,,,
Existing,Destination charger,Rhodes Apartment charger,19 Shoreline Dr,,,,,,,,,,,,,,,,,
Existing,Destination charger,Bondi Beach - Front Car Park charger,2 Queen Elizabeth Drive,,,,,,,,,,,,,,,,,
Existing,Destination charger,19 Yurong St Parking charger,3-19 Yurong St,,,,,,,,,,,,,,,,,
Existing,Destination charger,Meriton Suites Bondi Junction charger,95-97 Grafton Street,,,,,,,,,,,,,,,,,
Existing,Destination charger,AMP Connect Corporate Centre charger,Building 3,,,,,,,,,,,,,,,,,
Existing,Destination charger,Rhodes Central charger,G16/14 Walker St,,,,,,,,,,,,,,,,,
Existing,Destination charger,Intellihub - 11 Little S charger,15 Little St,,,,,,,,,,,,,,,,,
Existing,Destination charger,Berida Hotel charger,6 David St,,,,,,,,,,,,,,,,,
Existing,Destination charger,Top Shops Kiama charger,162 Manning St,,,,,,,,,,,,,,,,,
Existing,Destination charger,Wirin Wirra charger,72Hill Street Tomerong,SHOALHAVEN,Tomerong,2540,-35.05843246,150.6180405,9am till 4pm,,1,1,kW,0,1,0,-35.05843246,,,
Existing,Destination charger,Airlie House,,,,,,,,,,,,,,,,,,
Existing,Destination charger,Batemans Bay Soldiers Club charger,4-6 Beach Rd,,,,,,,,,,,,,,,,,
Existing,Destination charger,Bidgee Motor Inn Hay 74 Lachlan Street Hay NSW 2711 charger,74 Lachlan Street,,,,,,,,,,,,,,,,,
Existing,Destination charger,Redgrave Park charger,Methul St S,,,,,,,,,,,,,,,,,
Existing,Destination charger,The Federal Hotel charger,28 Bombala Street,,,,,,,,,,,,,,,,,
Existing,Fast charger,Ampol Foodary Gosford West (Eastbound) charger,71 Central Coast Highway,,,,,,,,,,,,,,,,,
Existing,Fast charger,Ampol Foodary Pheasants Nest Southbound charger,South Bound,,,,,,,,,,,,,,,,,
Existing,Fast charger,Northbridge Plaza charger,9 Eastern Valley Way (or 16 Harden Avenue) Northbridge NSW,WILLOUGHBY,Northbridge,2063,-33.809326,151.208848,Open 24/7,Evie Networks,2,4,50 kW,2,2,0,-33.809326,,,
Existing,Fast charger,Lagoon St Carpark charger,9 Lagoon St,,,,,,,,,,,,,,,,,
Existing,Fast charger,Macquarie Centre charger,55 Talavera Rd,,,,,,,,,,,,,,,,,
Existing,Fast charger,Commercial Club Albury charger,576 Stanley St,,,,,,,,,,,,,,,,,
